Municipality,numbered,TOWN CODE,RESIDENTIAL,COMMERCIAL,INDUSTRIAL,PUBLIC UTILITY,APARTMENT,TOTAL_REAL,MOTOR,PERSONAL,GROSS,OTHER
"ANDOVER",1.0000000000000000e+00,1.0000000000000000e+00,2.2663305000000000e+08,5.0719000000000000e+06,9.0260000000000000e+05,4.1500000000000000e+05,1.6131000000000000e+06,2.4234730000000000e+08,2.2016540000000000e+07,5.7225060000000000e+06,2.7008634600000000e+08,7.7116500000000000e+06
"ANSONIA",2.0000000000000000e+00,2.0000000000000000e+00,6.0590220000000000e+08,5.8767100000000000e+07,1.4721100000000000e+07,5.3610000000000000e+05,1.1570100000000000e+07,6.9168862000000000e+08,8.9854510000000000e+07,3.8616676000000000e+07,8.2015980600000000e+08,1.9202000000000000e+05
"ASHFORD",3.0000000000000000e+00,3.0000000000000000e+00,1.8884780000000000e+08,8.3093500000000000e+06,9.6603000000000000e+05,0.0000000000000000e+00,4.5731400000000000e+06,2.0954987200000000e+08,2.8058416000000000e+07,8.2944190000000000e+06,2.4590270700000000e+08,6.8535520000000000e+06
"AVON",4.0000000000000000e+00,4.0000000000000000e+00,1.7148121700000000e+09,2.2200525000000000e+08,2.7698530000000000e+07,2.2947000000000000e+05,2.4406640000000000e+07,1.9941789100000000e+09,1.5655189000000000e+08,9.7626960000000000e+07,2.2483577600000000e+09,5.0268500000000000e+06
"BARKHAMSTED",5.0000000000000000e+00,5.0000000000000000e+00,2.1898997000000000e+08,1.3743740000000000e+07,2.2340700000000000e+06,0.0000000000000000e+00,1.7612300000000000e+06,2.6261482000000000e+08,2.7239410000000000e+07,1.1680776000000000e+07,3.0153500600000000e+08,2.5885810000000000e+07
"BEACON FALLS",6.0000000000000000e+00,6.0000000000000000e+00,3.8948203000000000e+08,2.1813170000000000e+07,2.4581530000000000e+07,0.0000000000000000e+00,0.0000000000000000e+00,4.5425648000000000e+08,3.9535852000000000e+07,1.9013478000000000e+07,5.1280581000000000e+08,1.8379750000000000e+07
"BERLIN",7.0000000000000000e+00,7.0000000000000000e+00,1.0531468900000000e+09,1.8879500000000000e+08,1.0016470000000000e+08,2.5721000000000000e+06,0.0000000000000000e+00,1.4016358100000000e+09,1.5844173000000000e+08,1.8424817000000000e+08,1.7443257100000000e+09,5.6957120000000000e+07
"BETHANY",8.0000000000000000e+00,8.0000000000000000e+00,4.4499425000000000e+08,1.6549818000000000e+07,7.9713200000000000e+06,0.0000000000000000e+00,0.0000000000000000e+00,4.7509684800000000e+08,4.4822590000000000e+07,1.0087231000000000e+07,5.3000666900000000e+08,5.5814600000000000e+06
"BETHEL",9.0000000000000000e+00,9.0000000000000000e+00,1.1588047700000000e+09,1.6247922000000000e+08,6.1377430000000000e+07,1.6486100000000000e+06,1.5894830000000000e+07,1.4344836900000000e+09,1.3012098000000000e+08,1.2304138800000000e+08,1.6876460580000000e+09,3.4278830000000000e+07
"BETHLEHEM",1.0000000000000000e+01,1.0000000000000000e+01,3.0215421000000000e+08,7.7079600000000000e+06,4.4835100000000000e+06,0.0000000000000000e+00,7.0102000000000000e+05,3.2123085000000000e+08,3.0531400000000000e+07,6.6556360000000000e+06,3.5841788600000000e+08,6.1841500000000000e+06
"BLOOMFIELD",1.1000000000000000e+01,1.1000000000000000e+01,9.4493095200000000e+08,2.6329970000000000e+08,1.0760786000000000e+08,0.0000000000000000e+00,7.5046730000000000e+07,1.4045005070000000e+09,1.3420825000000000e+08,2.2173647000000000e+08,1.7604452270000000e+09,1.3615265000000000e+07
"BOLTON",1.2000000000000000e+01,1.2000000000000000e+01,3.1954654000000000e+08,1.5768060000000000e+07,5.3682300000000000e+06,0.0000000000000000e+00,0.0000000000000000e+00,3.5228048000000000e+08,3.5594540000000000e+07,8.6790100000000000e+06,3.9655403000000000e+08,1.1597650000000000e+07
"BOZRAH",1.3000000000000000e+01,1.3000000000000000e+01,1.0931937000000000e+08,7.7701600000000000e+06,1.9148050000000000e+07,0.0000000000000000e+00,9.4123000000000000e+05,1.4310561000000000e+08,2.2991270000000000e+07,2.1574545000000000e+07,1.8767142500000000e+08,5.9268000000000000e+06
"BRANFORD",1.4000000000000000e+01,1.4000000000000000e+01,2.4970525400000000e+09,3.2877606000000000e+08,9.6198230000000000e+07,2.4085600000000000e+06,4.1572010000000000e+07,2.9823696000000000e+09,2.0969389600000000e+08,1.3286039200000000e+08,3.3249238880000000e+09,1.6362200000000000e+07
"BRIDGEPORT",1.5000000000000000e+01,1.5000000000000000e+01,3.2305212310000000e+09,7.5667508500000000e+08,1.8087790900000000e+08,4.1316565000000000e+07,2.7804225900000000e+08,4.5243727190000000e+09,3.8306996100000000e+08,5.6816697900000000e+08,5.4756096590000000e+09,3.6939670000000000e+07
"BRIDGEWATER",1.6000000000000000e+01,1.6000000000000000e+01,3.5538342200000000e+08,2.9796000000000000e+06,7.9950000000000000e+05,5.6750000000000000e+05,0.0000000000000000e+00,3.8626084200000000e+08,1.7520260000000000e+07,3.1817000000000000e+06,4.0696280200000000e+08,2.6530820000000000e+07
"BRISTOL",1.7000000000000000e+01,1.7000000000000000e+01,1.8775599600000000e+09,2.8430069000000000e+08,1.7670772000000000e+08,6.8072600000000000e+06,9.2863170000000000e+07,2.4838481100000000e+09,3.3887792000000000e+08,3.7354921000000000e+08,3.1962752400000000e+09,4.5609310000000000e+07
"BROOKFIELD",1.8000000000000000e+01,1.8000000000000000e+01,1.8983122800000000e+09,2.5780126000000000e+08,1.0629103000000000e+08,2.9725500000000000e+06,8.5279500000000000e+06,2.3332794550000000e+09,1.3457300300000000e+08,8.8305188000000000e+07,2.5561576460000000e+09,5.9374385000000000e+07
"BROOKLYN",1.9000000000000000e+01,1.9000000000000000e+01,3.7032126000000000e+08,2.8408540000000000e+07,3.7666200000000000e+06,1.0710000000000000e+05,1.3103940000000000e+07,4.3590651000000000e+08,4.8758469000000000e+07,1.4630312000000000e+07,4.9929529100000000e+08,2.0199050000000000e+07
"BURLINGTON",2.0000000000000000e+01,2.0000000000000000e+01,6.3071068000000000e+08,1.1470130000000000e+07,2.5064200000000000e+06,0.0000000000000000e+00,1.5834000000000000e+05,6.8379821000000000e+08,7.1286199000000000e+07,1.1806653000000000e+07,7.6689106200000000e+08,3.8952640000000000e+07
"CANAAN",2.1000000000000000e+01,2.1000000000000000e+01,8.8935900000000000e+07,4.7044000000000000e+06,2.6129000000000000e+06,7.2369000000000000e+06,0.0000000000000000e+00,1.0638720000000000e+08,8.9663300000000000e+06,7.3031800000000000e+06,1.2265671000000000e+08,2.8971000000000000e+06
"CANTERBURY",2.2000000000000000e+01,2.2000000000000000e+01,2.7838740000000000e+08,8.0550640000000000e+06,2.3038000000000000e+06,3.4400000000000000e+04,1.5409000000000000e+06,3.0408733300000000e+08,3.7467960000000000e+07,7.5090230000000000e+06,3.4906431600000000e+08,1.3765769000000000e+07
"CANTON",2.3000000000000000e+01,2.3000000000000000e+01,6.8278454000000000e+08,1.0229339000000000e+08,5.9568900000000000e+06,1.4297000000000000e+05,6.4042500000000000e+06,7.9991975000000000e+08,7.6965908000000000e+07,4.3560940000000000e+07,9.2044659800000000e+08,2.3377100000000000e+06
"CHAPLIN",2.4000000000000000e+01,2.4000000000000000e+01,9.2513500000000000e+07,7.3635000000000000e+06,0.0000000000000000e+00,0.0000000000000000e+00,4.5380000000000000e+05,1.0481610000000000e+08,1.4805000000000000e+07,8.0541400000000000e+06,1.2767524000000000e+08,4.4853000000000000e+06
"CHESHIRE",2.5000000000000000e+01,2.5000000000000000e+01,1.8884637300000000e+09,1.4755459000000000e+08,1.5103865000000000e+08,0.0000000000000000e+00,1.1394500000000000e+07,2.2142759200000000e+09,2.1261909400000000e+08,1.1820487100000000e+08,2.5450998850000000e+09,1.5824450000000000e+07
"CHESTER",2.6000000000000000e+01,2.6000000000000000e+01,2.9618525000000000e+08,5.1227800000000000e+07,1.6269700000000000e+07,3.6830000000000000e+05,3.0407000000000000e+06,3.8063135000000000e+08,2.7343428000000000e+07,2.0986050000000000e+07,4.2896082800000000e+08,1.3539600000000000e+07
"CLINTON",2.7000000000000000e+01,2.7000000000000000e+01,1.2881158350000000e+09,1.4987527300000000e+08,3.1421500000000000e+07,1.3572000000000000e+06,3.5150920000000000e+06,1.4998866400000000e+09,8.7520700000000000e+07,7.0973191000000000e+07,1.6583805310000000e+09,2.5601740000000000e+07
"COLCHESTER",2.8000000000000000e+01,2.8000000000000000e+01,9.2962833000000000e+08,8.6831100000000000e+07,1.0723800000000000e+07,3.0980000000000000e+05,2.1009700000000000e+07,1.0854285610000000e+09,1.0494224000000000e+08,3.9209590000000000e+07,1.2295803910000000e+09,3.6925831000000000e+07
"COLEBROOK",2.9000000000000000e+01,2.9000000000000000e+01,1.5445000000000000e+08,1.2664500000000000e+06,7.5050000000000000e+05,1.1645900000000000e+07,0.0000000000000000e+00,1.6971769000000000e+08,1.1081000000000000e+07,4.2568800000000000e+06,1.8505557000000000e+08,1.6048400000000000e+06
"COLUMBIA",3.0000000000000000e+01,3.0000000000000000e+01,4.3258253000000000e+08,1.3787300000000000e+07,7.7801000000000000e+06,3.3900000000000000e+05,6.3490000000000000e+05,4.6777714000000000e+08,3.9883736000000000e+07,1.1023188000000000e+07,5.1868406400000000e+08,1.2653310000000000e+07
"CORNWALL",3.1000000000000000e+01,3.1000000000000000e+01,3.0735420000000000e+08,1.0272960000000000e+07,0.0000000000000000e+00,0.0000000000000000e+00,0.0000000000000000e+00,4.2336148000000000e+08,1.3786520000000000e+07,7.8570000000000000e+06,4.4500500000000000e+08,1.0573432000000000e+08
"COVENTRY",3.2000000000000000e+01,3.2000000000000000e+01,7.0057181000000000e+08,1.8325600000000000e+07,3.0894400000000000e+06,2.9597000000000000e+05,0.0000000000000000e+00,7.4790857000000000e+08,7.7812750000000000e+07,1.8863045000000000e+07,8.4458436500000000e+08,2.5625750000000000e+07
"CROMWELL",3.3000000000000000e+01,3.3000000000000000e+01,7.0930084000000000e+08,1.4106852100000000e+08,2.3412580000000000e+07,0.0000000000000000e+00,1.1650475000000000e+07,8.9550453600000000e+08,9.4701141000000000e+07,6.3948166000000000e+07,1.0541538430000000e+09,1.0072120000000000e+07
"DANBURY",3.4000000000000000e+01,3.4000000000000000e+01,3.7899278000000000e+09,1.1602453100000000e+09,3.3359981000000000e+08,4.5575100000000000e+06,1.6653860000000000e+08,5.4559306300000000e+09,4.5092698000000000e+08,4.5313746000000000e+08,6.3599950700000000e+09,1.0616000000000000e+06
"DARIEN",3.5000000000000000e+01,3.5000000000000000e+01,5.6687294200000000e+09,4.0272036000000000e+08,0.0000000000000000e+00,3.6487300000000000e+06,0.0000000000000000e+00,6.2204275500000000e+09,2.0953352500000000e+08,7.5581652000000000e+07,6.5055427270000000e+09,1.4532904000000000e+08
"DEEP RIVER",3.6000000000000000e+01,3.6000000000000000e+01,4.0674781000000000e+08,2.6163200000000000e+07,1.1309760000000000e+07,4.5647000000000000e+05,2.3265900000000000e+06,4.6069718000000000e+08,3.1286035000000000e+07,2.1050935000000000e+07,5.1303415000000000e+08,1.3693350000000000e+07
"DERBY",3.7000000000000000e+01,3.7000000000000000e+01,6.3106784000000000e+08,1.2201317000000000e+08,1.5007200000000000e+07,6.0087000000000000e+05,2.5918250000000000e+07,8.0390011000000000e+08,6.1442200000000000e+07,4.2108282000000000e+07,9.0745059200000000e+08,9.2927800000000000e+06
"DURHAM",3.8000000000000000e+01,3.8000000000000000e+01,5.4228902300000000e+08,1.8716110000000000e+07,1.2648300000000000e+07,0.0000000000000000e+00,1.7405500000000000e+06,6.8332656300000000e+08,5.3234150000000000e+07,2.4737602000000000e+07,7.6129831500000000e+08,1.0793258000000000e+08
"EAST GRANBY",3.9000000000000000e+01,4.0000000000000000e+01,3.1362100000000000e+08,1.6064500000000000e+07,5.9435400000000000e+07,3.6380000000000000e+05,0.0000000000000000e+00,4.0487720000000000e+08,4.5771142000000000e+07,5.5295990000000000e+07,5.0594433200000000e+08,1.5392500000000000e+07
"EAST HADDAM",4.0000000000000000e+01,4.1000000000000000e+01,4.8764810000000000e+08,3.2741350000000000e+07,4.2363600000000000e+06,1.9933000000000000e+05,0.0000000000000000e+00,6.2228458000000000e+08,6.6291606000000000e+07,1.8204312000000000e+07,7.0678049800000000e+08,9.7459440000000000e+07
"EAST HAMPTON",4.1000000000000000e+01,4.2000000000000000e+01,8.9189102000000000e+08,4.1585360000000000e+07,1.0712980000000000e+07,3.4127900000000000e+06,2.5792400000000000e+06,9.8793868000000000e+08,8.7572516000000000e+07,2.4613623000000000e+07,1.1001248190000000e+09,3.7757290000000000e+07
"EAST HARTFORD",4.2000000000000000e+01,4.3000000000000000e+01,1.8509942400000000e+09,3.6780015000000000e+08,2.6011955000000000e+08,1.8513900000000000e+06,1.0301415000000000e+08,2.6119023500000000e+09,2.4663389800000000e+08,4.3862387000000000e+08,3.2971601180000000e+09,2.8122870000000000e+07
"EAST HAVEN",4.3000000000000000e+01,4.4000000000000000e+01,1.7276715100000000e+09,2.1749247000000000e+08,4.7326130000000000e+07,0.0000000000000000e+00,5.0108570000000000e+07,2.0534574200000000e+09,1.5416007500000000e+08,3.7033062000000000e+07,2.2446505570000000e+09,1.0858740000000000e+07
"EAST LYME",4.4000000000000000e+01,4.5000000000000000e+01,1.8562206510000000e+09,1.3022058100000000e+08,1.8388510000000000e+07,8.6548000000000000e+05,3.0249816000000000e+07,2.1080431190000000e+09,1.1341879000000000e+08,3.6178919000000000e+07,2.2576408280000000e+09,7.2098081000000000e+07
"EAST WINDSOR",4.5000000000000000e+01,4.7000000000000000e+01,4.1795900500000000e+08,1.2464254500000000e+08,6.5931680000000000e+07,0.0000000000000000e+00,1.2659490000000000e+07,6.3407565000000000e+08,8.6406840000000000e+07,7.7912967000000000e+07,7.9839545700000000e+08,1.2882930000000000e+07
"EASTFORD",4.6000000000000000e+01,3.9000000000000000e+01,7.6005870000000000e+07,5.0680700000000000e+06,1.5885100000000000e+06,2.7860000000000000e+04,1.3720000000000000e+05,8.6286560000000000e+07,1.3059580000000000e+07,8.0066180000000000e+06,1.0735275800000000e+08,3.4590500000000000e+06
"EASTON",4.7000000000000000e+01,4.6000000000000000e+01,1.5247475800000000e+09,3.5282620000000000e+07,2.8260000000000000e+05,0.0000000000000000e+00,0.0000000000000000e+00,1.5750319900000000e+09,7.3957240000000000e+07,1.3017277000000000e+07,1.6620065070000000e+09,1.4719190000000000e+07
"ELLINGTON",4.8000000000000000e+01,4.8000000000000000e+01,9.1864849000000000e+08,6.5536390000000000e+07,1.7995166000000000e+07,0.0000000000000000e+00,4.5768370000000000e+07,1.0572250360000000e+09,9.8903303000000000e+07,4.4398330000000000e+07,1.2005266690000000e+09,9.2766200000000000e+06
"ENFIELD",4.9000000000000000e+01,4.9000000000000000e+01,2.0902790900000000e+09,4.7941186000000000e+08,1.3806611000000000e+08,5.6875700000000000e+06,3.7823660000000000e+07,2.7828387700000000e+09,2.3727692000000000e+08,1.8665722400000000e+08,3.2067729140000000e+09,3.1570480000000000e+07
"ESSEX",5.0000000000000000e+01,5.0000000000000000e+01,7.9238320000000000e+08,1.0379330000000000e+08,3.1893100000000000e+07,0.0000000000000000e+00,0.0000000000000000e+00,9.2850180000000000e+08,6.0852135000000000e+07,3.5052546000000000e+07,1.0244064810000000e+09,4.3220000000000000e+05
"FAIRFIELD",5.1000000000000000e+01,5.1000000000000000e+01,1.0005595350000000e+10,9.8322209000000000e+08,4.9830480000000000e+07,4.5521630000000000e+07,5.8085300000000000e+06,1.1211251070000000e+10,4.3819329400000000e+08,1.7265673700000000e+08,1.1822101101000000e+10,1.2127299000000000e+08
"FARMINGTON",5.2000000000000000e+01,5.2000000000000000e+01,1.6953064730000000e+09,5.0056133500000000e+08,7.9856860000000000e+07,1.9131000000000000e+05,5.4551080000000000e+07,2.3383074780000000e+09,2.0536731000000000e+08,2.0982548900000000e+08,2.7535002770000000e+09,7.8404200000000000e+06
"FRANKLIN",5.3000000000000000e+01,5.3000000000000000e+01,1.0184899000000000e+08,2.6162765000000000e+07,5.5064800000000000e+06,7.0000000000000000e+02,2.0004000000000000e+05,1.4474571500000000e+08,1.7549720000000000e+07,1.4269893000000000e+07,1.7656532800000000e+08,1.1026740000000000e+07
"GLASTONBURY",5.4000000000000000e+01,5.4000000000000000e+01,2.2807378600000000e+09,3.6156140000000000e+08,2.5294300000000000e+07,2.2447000000000000e+06,2.3318200000000000e+07,2.7257073600000000e+09,2.5809945000000000e+08,1.1765764000000000e+08,3.1014644500000000e+09,3.2550900000000000e+07
"GOSHEN",5.5000000000000000e+01,5.5000000000000000e+01,3.4904591000000000e+08,9.0521800000000000e+06,2.9524000000000000e+05,4.2523000000000000e+05,2.8952000000000000e+05,3.6216604000000000e+08,2.7477256000000000e+07,7.6933390000000000e+06,3.9733663500000000e+08,3.0579600000000000e+06
"GRANBY",5.6000000000000000e+01,5.6000000000000000e+01,6.2925206000000000e+08,3.3096840000000000e+07,4.1996500000000000e+06,2.3548000000000000e+05,3.8786300000000000e+06,7.4260572000000000e+08,8.0027850000000000e+07,1.8313820000000000e+07,8.4094739000000000e+08,7.1943060000000000e+07
"GREENWICH",5.7000000000000000e+01,5.7000000000000000e+01,2.6611543260000000e+10,4.1904816800000000e+09,9.3554230000000000e+07,3.1390450000000000e+07,3.6460943000000000e+08,3.2088192150000000e+10,6.9020481000000000e+08,5.5614662000000000e+08,3.3334543580000000e+10,7.9661310000000000e+08
"GRISWOLD",5.8000000000000000e+01,5.8000000000000000e+01,6.3196661500000000e+08,3.6488161000000000e+07,6.1193300000000000e+06,1.5393700000000000e+06,1.0220119000000000e+07,7.1321789500000000e+08,6.9966395000000000e+07,2.1163156000000000e+07,8.0434744600000000e+08,2.6884300000000000e+07
"GROTON",5.9000000000000000e+01,5.9000000000000000e+01,2.3171157400000000e+09,4.3079665700000000e+08,5.7813441000000000e+08,0.0000000000000000e+00,1.7030808200000000e+08,3.5789653380000000e+09,2.0245376600000000e+08,5.3689692000000000e+08,4.3183160240000000e+09,8.2610449000000000e+07
"GROTON (City of)",6.0000000000000000e+01,,,,,,,,,,,0.0000000000000000e+00
"GUILFORD",6.1000000000000000e+01,6.0000000000000000e+01,2.1432844550000000e+09,1.4095568000000000e+08,2.2584720000000000e+07,0.0000000000000000e+00,7.5368400000000000e+06,2.3294677750000000e+09,1.6904489000000000e+08,7.1606863000000000e+07,2.5701195280000000e+09,1.5106080000000000e+07
"HADDAM",6.2000000000000000e+01,6.1000000000000000e+01,6.5817432000000000e+08,2.2008940000000000e+07,6.4288900000000000e+06,1.9832910000000000e+07,5.7647700000000000e+06,7.5176046000000000e+08,5.8538520000000000e+07,5.5907958000000000e+07,8.6620693800000000e+08,3.9550630000000000e+07
"HAMDEN",6.3000000000000000e+01,6.2000000000000000e+01,3.1559656820000000e+09,4.1469934000000000e+08,6.0481490000000000e+07,4.0166700000000000e+06,2.3749666000000000e+08,3.8797170520000000e+09,2.9783611300000000e+08,1.2808112000000000e+08,4.3056342850000000e+09,7.0572100000000000e+06
"HAMPTON",6.4000000000000000e+01,6.3000000000000000e+01,9.8498100000000000e+07,1.7436210000000000e+06,0.0000000000000000e+00,0.0000000000000000e+00,0.0000000000000000e+00,1.0543804100000000e+08,1.3529260000000000e+07,2.4594860000000000e+06,1.2142678700000000e+08,5.1963200000000000e+06
"HARTFORD",6.5000000000000000e+01,6.4000000000000000e+01,6.4547659600000000e+08,1.2861138430000000e+09,7.9547374000000000e+07,2.5185300000000000e+07,3.0185979700000000e+08,2.4038709460000000e+09,2.7475619300000000e+08,6.8728211000000000e+08,3.3659092490000000e+09,6.5688036000000000e+07
"HARTLAND",6.6000000000000000e+01,6.5000000000000000e+01,1.4731975000000000e+08,6.3872000000000000e+05,0.0000000000000000e+00,1.7532480000000000e+07,0.0000000000000000e+00,1.7326565000000000e+08,1.5103630000000000e+07,3.6492900000000000e+06,1.9201857000000000e+08,7.7747000000000000e+06
"HARWINTON",6.7000000000000000e+01,6.6000000000000000e+01,3.8073804000000000e+08,9.1762700000000000e+06,2.7781700000000000e+06,0.0000000000000000e+00,4.9512000000000000e+05,4.1890194000000000e+08,4.5296460000000000e+07,1.7141838000000000e+07,4.8134023800000000e+08,2.5714340000000000e+07
"HEBRON",6.8000000000000000e+01,6.7000000000000000e+01,7.2768785000000000e+08,2.4447670000000000e+07,8.7419000000000000e+05,0.0000000000000000e+00,2.9984500000000000e+06,7.7073012000000000e+08,6.4735780000000000e+07,1.3308692000000000e+07,8.4877459200000000e+08,1.4721960000000000e+07
"KENT",6.9000000000000000e+01,6.8000000000000000e+01,3.6509640000000000e+08,3.4010310000000000e+07,0.0000000000000000e+00,2.0696000000000000e+06,0.0000000000000000e+00,4.3718211000000000e+08,2.4753690000000000e+07,1.1397697000000000e+07,4.7333349700000000e+08,3.6005800000000000e+07
"KILLINGLY",7.0000000000000000e+01,6.9000000000000000e+01,4.7363618500000000e+08,6.8451098000000000e+07,1.6065276000000000e+08,4.7461800000000000e+06,1.8329590000000000e+07,7.5939522300000000e+08,1.0024205000000000e+08,3.5683991200000000e+08,1.2164771850000000e+09,3.3579410000000000e+07
"KILLINGWORTH",7.1000000000000000e+01,7.0000000000000000e+01,7.0284311000000000e+08,2.0622500000000000e+07,1.6878000000000000e+06,0.0000000000000000e+00,0.0000000000000000e+00,7.3878466000000000e+08,5.1517451000000000e+07,9.1656600000000000e+06,7.9946777100000000e+08,1.3631250000000000e+07
"LEBANON",7.2000000000000000e+01,7.1000000000000000e+01,3.8638598000000000e+08,1.2460470000000000e+07,2.7213600000000000e+06,1.2063000000000000e+06,1.0847800000000000e+06,4.2302925000000000e+08,5.3276637000000000e+07,2.2490415000000000e+07,4.9879630200000000e+08,1.9170360000000000e+07
"LEDYARD",7.3000000000000000e+01,7.2000000000000000e+01,9.2120909600000000e+08,5.0213636000000000e+07,9.7692000000000000e+06,5.6553000000000000e+05,8.9723900000000000e+06,1.0260344620000000e+09,1.0388590700000000e+08,5.8180436000000000e+07,1.1881008050000000e+09,3.5304610000000000e+07
"LISBON",7.4000000000000000e+01,7.3000000000000000e+01,2.5690412000000000e+08,6.3528940000000000e+07,2.3197500000000000e+06,0.0000000000000000e+00,7.6639000000000000e+05,3.4033433000000000e+08,2.8697380000000000e+07,3.2519040000000000e+07,4.0155075000000000e+08,1.6815130000000000e+07
"LITCHFIELD",7.5000000000000000e+01,7.4000000000000000e+01,6.9936789400000000e+08,7.7567340000000000e+07,4.9458100000000000e+06,1.2826000000000000e+05,3.0285200000000000e+06,7.9537771600000000e+08,6.9135390000000000e+07,2.4129859000000000e+07,8.8864296500000000e+08,1.0339892000000000e+07
"LYME",7.6000000000000000e+01,7.5000000000000000e+01,4.6369886800000000e+08,3.6583000000000000e+06,0.0000000000000000e+00,2.7480000000000000e+05,0.0000000000000000e+00,4.9035069500000000e+08,2.0706606000000000e+07,4.8635410000000000e+06,5.1592084200000000e+08,2.2718727000000000e+07
"MADISON",7.7000000000000000e+01,7.6000000000000000e+01,2.1324815900000000e+09,1.1678410000000000e+08,2.4653000000000000e+06,1.2576000000000000e+06,5.0697200000000000e+06,2.2736755500000000e+09,1.4849456000000000e+08,4.3125834000000000e+07,2.4652959440000000e+09,1.5617240000000000e+07
"MANCHESTER",7.8000000000000000e+01,7.7000000000000000e+01,2.4302027200000000e+09,8.0568810000000000e+08,2.1194782600000000e+08,5.9962000000000000e+06,2.4808170000000000e+08,3.7024327560000000e+09,3.1531421000000000e+08,3.1216034000000000e+08,4.3299073060000000e+09,5.1621000000000000e+05
"MANSFIELD",7.9000000000000000e+01,7.8000000000000000e+01,6.8997060000000000e+08,7.2651980000000000e+07,1.2880700000000000e+06,1.0056200000000000e+06,3.3367040000000000e+07,8.0532738000000000e+08,7.1293424000000000e+07,3.5057720000000000e+07,9.1167852400000000e+08,7.0440700000000000e+06
"MARLBOROUGH",8.0000000000000000e+01,7.9000000000000000e+01,5.2816881000000000e+08,2.9395030000000000e+07,2.4106600000000000e+06,0.0000000000000000e+00,2.6341000000000000e+05,5.6127290000000000e+08,4.6943980000000000e+07,9.2092400000000000e+06,6.1742612000000000e+08,1.0349900000000000e+06
"MERIDEN",8.1000000000000000e+01,8.0000000000000000e+01,2.3816915900000000e+09,5.5969879000000000e+08,1.6342241000000000e+08,4.2496100000000000e+06,1.2295296000000000e+08,3.2470286800000000e+09,2.7476366000000000e+08,3.0853692700000000e+08,3.8303292670000000e+09,1.5013320000000000e+07
"MIDDLEBURY",8.2000000000000000e+01,8.1000000000000000e+01,7.8021790000000000e+08,1.1014039700000000e+08,9.0671000000000000e+06,9.1010000000000000e+05,0.0000000000000000e+00,9.4984900700000000e+08,6.0043220000000000e+07,3.6516360000000000e+07,1.0464085870000000e+09,4.9513510000000000e+07
"MIDDLEFIELD",8.3000000000000000e+01,8.2000000000000000e+01,3.5489540000000000e+08,1.7951500000000000e+07,1.6460900000000000e+07,1.8060000000000000e+06,1.5285000000000000e+06,3.9434980000000000e+08,3.0830590000000000e+07,3.2542200000000000e+07,4.5772259000000000e+08,1.7075000000000000e+06
"MIDDLETOWN",8.4000000000000000e+01,8.3000000000000000e+01,1.4100911320000000e+09,3.2657009800000000e+08,8.8221770000000000e+07,1.4078660000000000e+07,1.5270484700000000e+08,2.0341924370000000e+09,2.5542848200000000e+08,4.2600775000000000e+08,2.7156286690000000e+09,4.2525930000000000e+07
"MILFORD",8.5000000000000000e+01,8.4000000000000000e+01,5.1225239990000000e+09,7.4506227800000000e+08,2.4786478000000000e+08,1.0302650000000000e+07,9.5530134000000000e+07,6.5965896070000000e+09,3.4315222500000000e+08,2.6022782800000000e+08,7.1999696600000000e+09,3.7530576600000000e+08
"MONROE",8.6000000000000000e+01,8.5000000000000000e+01,1.6587994950000000e+09,1.2100063500000000e+08,3.1760810000000000e+07,8.3238000000000000e+05,6.9215000000000000e+05,1.8763018590000000e+09,1.5588300900000000e+08,7.6047223000000000e+07,2.1082320910000000e+09,6.3216389000000000e+07
"MONTVILLE",8.7000000000000000e+01,8.6000000000000000e+01,1.0439659140000000e+09,1.1183727000000000e+08,3.0896180000000000e+07,2.3508680000000000e+07,1.1591790000000000e+07,1.2241435410000000e+09,1.1640313400000000e+08,1.4837868400000000e+08,1.4889253590000000e+09,2.3437070000000000e+06
"MORRIS",8.8000000000000000e+01,8.7000000000000000e+01,3.0801869000000000e+08,8.5758100000000000e+06,1.5740000000000000e+06,0.0000000000000000e+00,0.0000000000000000e+00,3.4202836000000000e+08,1.7689396000000000e+07,7.4897020000000000e+06,3.6720745800000000e+08,2.3859860000000000e+07
"NAUGATUCK",8.9000000000000000e+01,8.8000000000000000e+01,1.0069269500000000e+09,9.8760700000000000e+07,5.9231280000000000e+07,6.9181500000000000e+06,2.7838420000000000e+07,1.2169913600000000e+09,1.6346920000000000e+08,1.0205437000000000e+08,1.4825149300000000e+09,1.7315860000000000e+07
"NEW BRITAIN",9.0000000000000000e+01,8.9000000000000000e+01,1.2269926700000000e+09,2.4855199000000000e+08,7.4380910000000000e+07,4.6669000000000000e+06,1.5224125000000000e+08,1.7173835600000000e+09,2.4389679700000000e+08,1.9649978300000000e+08,2.1577801400000000e+09,1.0549840000000000e+07
"NEW CANAAN",9.1000000000000000e+01,9.0000000000000000e+01,6.2266482000000000e+09,3.3299550000000000e+08,4.8726000000000000e+06,4.7598000000000000e+06,0.0000000000000000e+00,6.6739996000000000e+09,2.3245387000000000e+08,5.4667484000000000e+07,6.9611209540000000e+09,1.0472350000000000e+08
"NEW FAIRFIELD",9.2000000000000000e+01,9.1000000000000000e+01,1.6661341100000000e+09,3.3241500000000000e+07,2.1599000000000000e+06,4.6828000000000000e+06,0.0000000000000000e+00,1.7065361100000000e+09,1.0771255800000000e+08,1.8977885000000000e+07,1.8332265530000000e+09,3.1780000000000000e+05
"NEW HARTFORD",9.3000000000000000e+01,9.2000000000000000e+01,4.4836560000000000e+08,2.2138060000000000e+07,8.2068000000000000e+06,0.0000000000000000e+00,0.0000000000000000e+00,5.0440351000000000e+08,4.9768128000000000e+07,2.1025377000000000e+07,5.7519701500000000e+08,2.5693050000000000e+07
"NEW HAVEN",9.4000000000000000e+01,9.3000000000000000e+01,3.4113971500000000e+09,1.8787975500000000e+09,2.7953863000000000e+08,4.1023150000000000e+07,0.0000000000000000e+00,5.6722252300000000e+09,3.1744949000000000e+08,4.5209293100000000e+08,6.4417676510000000e+09,6.1468750000000000e+07
"NEW LONDON",9.5000000000000000e+01,9.5000000000000000e+01,7.0842782000000000e+08,3.6203238900000000e+08,1.0724231000000000e+08,1.4896000000000000e+05,3.6481200000000000e+06,1.1930087590000000e+09,9.9424200000000000e+07,9.1966687000000000e+07,1.3843996460000000e+09,1.1509160000000000e+07
"NEW MILFORD",9.6000000000000000e+01,9.6000000000000000e+01,2.1980622900000000e+09,2.5103016000000000e+08,1.0967992000000000e+08,1.2928440000000000e+07,2.0166650000000000e+07,2.7086445300000000e+09,2.0296819000000000e+08,1.4291241500000000e+08,3.0545251350000000e+09,1.1677707000000000e+08
"NEWINGTON",9.7000000000000000e+01,9.4000000000000000e+01,1.7160243700000000e+09,3.7230153000000000e+08,9.1646300000000000e+07,3.3691900000000000e+06,5.7163920000000000e+07,2.2689773600000000e+09,1.9787909700000000e+08,1.6622517800000000e+08,2.6330816350000000e+09,2.8472050000000000e+07
"NEWTOWN",9.8000000000000000e+01,9.7000000000000000e+01,2.5058404600000000e+09,1.5221260000000000e+08,5.8110700000000000e+07,0.0000000000000000e+00,5.2064000000000000e+05,2.7490914900000000e+09,2.1823562100000000e+08,9.8741420000000000e+07,3.0660685310000000e+09,3.2407090000000000e+07
"NORFOLK",9.9000000000000000e+01,9.8000000000000000e+01,1.4492780000000000e+08,7.0643600000000000e+06,0.0000000000000000e+00,0.0000000000000000e+00,0.0000000000000000e+00,1.8887784000000000e+08,1.3872376000000000e+07,5.3885550000000000e+06,2.0813877100000000e+08,3.6885680000000000e+07
"NORTH BRANFORD",1.0000000000000000e+02,9.9000000000000000e+01,9.9678754600000000e+08,7.6810563000000000e+07,3.5594440000000000e+07,6.4883000000000000e+05,1.0563501000000000e+07,1.1375020200000000e+09,1.0358641000000000e+08,4.3069315000000000e+07,1.2841577450000000e+09,1.7097140000000000e+07
"NORTH CANAAN",1.0100000000000000e+02,1.0000000000000000e+02,1.1576916000000000e+08,3.0189620000000000e+07,2.1544790000000000e+07,3.4972000000000000e+05,4.1837600000000000e+06,1.9242881000000000e+08,2.2180460000000000e+07,5.5299120000000000e+07,2.6990839000000000e+08,2.0391760000000000e+07
"NORTH HAVEN",1.0200000000000000e+02,1.0100000000000000e+02,1.8830335740000000e+09,3.3855491600000000e+08,2.3199454000000000e+08,1.9426000000000000e+06,4.2823289000000000e+07,2.5334669390000000e+09,1.9995105500000000e+08,2.3016320600000000e+08,2.9635812000000000e+09,3.5118020000000000e+07
"NORTH STONINGTON",1.0300000000000000e+02,1.0200000000000000e+02,4.3797229000000000e+08,5.0095010000000000e+07,6.5896600000000000e+06,9.8714000000000000e+05,0.0000000000000000e+00,5.4169952000000000e+08,4.0096390000000000e+07,2.3778023000000000e+07,6.0557393300000000e+08,4.6055420000000000e+07
"NORWALK",1.0400000000000000e+02,1.0300000000000000e+02,7.2269265210000000e+09,1.8069418700000000e+09,2.1686168000000000e+08,4.5520790000000000e+07,2.0530582700000000e+08,9.5890511620000000e+09,5.4148102500000000e+08,5.4671773600000000e+08,1.0677249923000000e+10,8.7494474000000000e+07
"NORWICH",1.0500000000000000e+02,1.0400000000000000e+02,1.0865047000000000e+09,2.7639700000000000e+08,5.9823000000000000e+07,4.1980000000000000e+06,8.6459000000000000e+07,1.5668491880000000e+09,1.8318566000000000e+08,9.2878143000000000e+07,1.8429129910000000e+09,5.3467488000000000e+07
"OLD LYME",1.0600000000000000e+02,1.0500000000000000e+02,1.2988582050000000e+09,6.7130115000000000e+07,5.9150000000000000e+05,5.7840000000000000e+05,2.6099200000000000e+06,1.4024924300000000e+09,6.5600947000000000e+07,2.7604720000000000e+07,1.4956980970000000e+09,3.2724290000000000e+07
"OLD SAYBROOK",1.0700000000000000e+02,1.0600000000000000e+02,1.5478672000000000e+09,1.9337920000000000e+08,1.6635700000000000e+07,2.9472000000000000e+06,1.6982000000000000e+06,1.7999853000000000e+09,8.9498675000000000e+07,5.6534466000000000e+07,1.9460184410000000e+09,3.7457800000000000e+07
"ORANGE",1.0800000000000000e+02,1.0700000000000000e+02,1.4702439000000000e+09,3.5732710000000000e+08,8.7900900000000000e+07,5.3210000000000000e+05,1.4523300000000000e+07,1.9639656000000000e+09,1.1427618900000000e+08,6.7005334000000000e+07,2.1452471230000000e+09,3.3438300000000000e+07
"OXFORD",1.0900000000000000e+02,1.0800000000000000e+02,1.1257114050000000e+09,3.4834770000000000e+07,2.8704460000000000e+07,0.0000000000000000e+00,1.5682000000000000e+05,1.2079474340000000e+09,9.6316193000000000e+07,3.7005041000000000e+07,1.3412686680000000e+09,1.8539979000000000e+07
"PLAINFIELD",1.1000000000000000e+02,1.0900000000000000e+02,4.3082688000000000e+08,6.2597450000000000e+07,7.2648640000000000e+07,1.4620000000000000e+06,1.0832000000000000e+07,5.9699109000000000e+08,8.4855220000000000e+07,8.5435750000000000e+07,7.6728206000000000e+08,1.8624120000000000e+07
"PLAINVILLE",1.1100000000000000e+02,1.1000000000000000e+02,8.6677081000000000e+08,1.8428818000000000e+08,7.4155860000000000e+07,1.1929600000000000e+06,2.2711360000000000e+07,1.1718122200000000e+09,1.3019732000000000e+08,1.0106072000000000e+08,1.4030702600000000e+09,2.2693050000000000e+07
"PLYMOUTH",1.1200000000000000e+02,1.1100000000000000e+02,6.0436356000000000e+08,3.2588580000000000e+07,2.5413800000000000e+07,0.0000000000000000e+00,2.7351000000000000e+05,7.1000534000000000e+08,7.7077059000000000e+07,2.7844120000000000e+07,8.1492651900000000e+08,4.7365890000000000e+07
"POMFRET",1.1300000000000000e+02,1.1200000000000000e+02,2.6877813000000000e+08,1.1591466000000000e+07,9.4641000000000000e+06,5.5300000000000000e+04,1.8777500000000000e+06,3.0149572000000000e+08,3.0019561000000000e+07,1.3623613000000000e+07,3.4513889400000000e+08,9.7289740000000000e+06
"PORTLAND",1.1400000000000000e+02,1.1300000000000000e+02,6.3250593000000000e+08,6.2848670000000000e+07,1.4724570000000000e+07,2.7311000000000000e+05,2.3247700000000000e+06,7.4145392000000000e+08,6.4481270000000000e+07,2.5210481000000000e+07,8.3114567100000000e+08,2.8776870000000000e+07
"PRESTON",1.1500000000000000e+02,1.1400000000000000e+02,2.2347070000000000e+08,1.2707800000000000e+07,1.7514000000000000e+06,4.4480000000000000e+05,2.8060000000000000e+05,2.4782380000000000e+08,3.5457745000000000e+07,1.5868368000000000e+07,2.9914991300000000e+08,9.1685000000000000e+06
"PROSPECT",1.1600000000000000e+02,1.1500000000000000e+02,6.4608660500000000e+08,3.5724870000000000e+07,1.2053252000000000e+07,0.0000000000000000e+00,8.9340000000000000e+05,7.0207960700000000e+08,6.9365610000000000e+07,2.0662513000000000e+07,7.9210773000000000e+08,7.3214800000000000e+06
"PUTNAM",1.1700000000000000e+02,1.1600000000000000e+02,2.8813020000000000e+08,7.0800600000000000e+07,3.7797500000000000e+07,1.5370000000000000e+05,9.5816000000000000e+06,4.1799370000000000e+08,5.1002060000000000e+07,5.4181230000000000e+07,5.2317699000000000e+08,1.1530100000000000e+07
"REDDING",1.1800000000000000e+02,1.1700000000000000e+02,1.2643337500000000e+09,7.7423922000000000e+07,8.9250000000000000e+06,3.0965000000000000e+05,0.0000000000000000e+00,1.4280522420000000e+09,8.9177745000000000e+07,3.4140072000000000e+07,1.5513700590000000e+09,7.7059920000000000e+07
"RIDGEFIELD",1.1900000000000000e+02,1.1800000000000000e+02,3.4739627060000000e+09,2.3257444500000000e+08,1.3693897500000000e+08,0.0000000000000000e+00,7.9591300000000000e+06,3.8734474230000000e+09,2.2478859600000000e+08,1.4859099400000000e+08,4.2468270130000000e+09,2.2012167000000000e+07
"ROCKY HILL",1.2000000000000000e+02,1.1900000000000000e+02,9.6531148000000000e+08,2.5759907000000000e+08,7.8811060000000000e+07,1.6736500000000000e+06,8.0575975000000000e+07,1.4025403250000000e+09,1.4544768900000000e+08,1.0342052500000000e+08,1.6514085390000000e+09,1.8569090000000000e+07
"ROXBURY",1.2100000000000000e+02,1.2000000000000000e+02,4.7215933000000000e+08,2.4941000000000000e+06,0.0000000000000000e+00,0.0000000000000000e+00,0.0000000000000000e+00,4.7905975000000000e+08,2.6837770000000000e+07,5.3794700000000000e+06,5.1127699000000000e+08,4.4063200000000000e+06
"SALEM",1.2200000000000000e+02,1.2100000000000000e+02,3.4792713000000000e+08,1.9311960000000000e+07,1.3247300000000000e+06,0.0000000000000000e+00,0.0000000000000000e+00,3.8420635000000000e+08,2.9597053000000000e+07,1.3700946000000000e+07,4.2750434900000000e+08,1.5642530000000000e+07
"SALISBURY",1.2300000000000000e+02,1.2200000000000000e+02,8.1629518000000000e+08,5.2389010000000000e+07,1.3902600000000000e+06,0.0000000000000000e+00,0.0000000000000000e+00,1.1096256400000000e+09,3.3474280000000000e+07,1.9801780000000000e+07,1.1629017000000000e+09,2.3955119000000000e+08
"SCOTLAND",1.2400000000000000e+02,1.2300000000000000e+02,7.9382680000000000e+07,1.1539200000000000e+06,0.0000000000000000e+00,2.7000000000000000e+04,0.0000000000000000e+00,8.3511520000000000e+07,1.1634670000000000e+07,3.1647410000000000e+06,9.8310931000000000e+07,2.9479200000000000e+06
"SEYMOUR",1.2500000000000000e+02,1.2400000000000000e+02,1.0348320500000000e+09,7.4794270000000000e+07,3.9572330000000000e+07,1.9751200000000000e+06,1.6500190000000000e+07,1.2042320600000000e+09,1.0377496500000000e+08,5.5282464000000000e+07,1.3632894890000000e+09,3.6558100000000000e+07
"SHARON",1.2600000000000000e+02,1.2500000000000000e+02,4.4190847000000000e+08,2.5056340000000000e+07,0.0000000000000000e+00,4.7600000000000000e+04,0.0000000000000000e+00,5.0101380000000000e+08,2.5445962000000000e+07,1.6651533000000000e+07,5.4311129500000000e+08,3.4001390000000000e+07
"SHELTON",1.2700000000000000e+02,1.2600000000000000e+02,3.5557784200000000e+09,5.8936553000000000e+08,1.8009106000000000e+08,2.7711990000000000e+07,3.0069000000000000e+07,4.4054044100000000e+09,2.8443643000000000e+08,2.8616166000000000e+08,4.9760025000000000e+09,2.2388410000000000e+07
"SHERMAN",1.2800000000000000e+02,1.2700000000000000e+02,5.4726567200000000e+08,5.3224000000000000e+06,0.0000000000000000e+00,0.0000000000000000e+00,0.0000000000000000e+00,6.2509384200000000e+08,3.3950207000000000e+07,9.3071290000000000e+06,6.6835117800000000e+08,7.2505770000000000e+07
"SIMSBURY",1.2900000000000000e+02,1.2800000000000000e+02,1.4966981950000000e+09,2.0383615200000000e+08,1.0072335000000000e+07,4.5333000000000000e+05,9.4018830000000000e+06,1.7370994450000000e+09,1.7332949200000000e+08,1.1801464300000000e+08,2.0284435800000000e+09,1.6637550000000000e+07
"SOMERS",1.3000000000000000e+02,1.2900000000000000e+02,6.2556882500000000e+08,2.1337830000000000e+07,6.3405700000000000e+06,0.0000000000000000e+00,2.3722400000000000e+06,6.6824413500000000e+08,6.7515621000000000e+07,1.5198528000000000e+07,7.5095828400000000e+08,1.2624670000000000e+07
"SOUTH WINDSOR",1.3100000000000000e+02,1.3200000000000000e+02,1.4089326230000000e+09,1.9049294000000000e+08,1.8393487000000000e+08,3.2728000000000000e+05,0.0000000000000000e+00,1.8126830630000000e+09,1.9454558700000000e+08,1.6592766800000000e+08,2.1731563180000000e+09,2.8995350000000000e+07
"SOUTHBURY",1.3200000000000000e+02,1.3000000000000000e+02,1.5120036600000000e+09,2.3381038000000000e+08,8.9802800000000000e+06,0.0000000000000000e+00,2.5419140000000000e+07,1.7936087300000000e+09,1.4896474000000000e+08,1.3367069300000000e+08,2.0762441630000000e+09,1.3395270000000000e+07
"SOUTHINGTON",1.3300000000000000e+02,1.3100000000000000e+02,2.8311778560000000e+09,4.0072852400000000e+08,1.0552801900000000e+08,0.0000000000000000e+00,2.7086920000000000e+07,3.4600182670000000e+09,3.1176086900000000e+08,1.7841719200000000e+08,3.9501963280000000e+09,9.5496948000000000e+07
"SPRAGUE",1.3400000000000000e+02,1.3300000000000000e+02,1.1923570000000000e+08,2.0052010000000000e+07,0.0000000000000000e+00,0.0000000000000000e+00,1.3826000000000000e+06,1.5430121000000000e+08,1.7039606000000000e+07,2.1811610000000000e+07,1.9315242600000000e+08,1.3630900000000000e+07
"STAFFORD",1.3500000000000000e+02,1.3400000000000000e+02,5.6038139000000000e+08,4.1138250000000000e+07,1.7691010000000000e+07,7.0690000000000000e+05,3.7176800000000000e+06,6.7426401000000000e+08,7.5946785000000000e+07,6.5030950000000000e+07,8.1524174500000000e+08,5.0628780000000000e+07
"STAMFORD",1.3600000000000000e+02,1.3500000000000000e+02,1.3721296030000000e+10,3.8717066700000000e+09,7.2601153000000000e+08,1.0291547000000000e+08,1.0386271300000000e+09,1.9460894780000000e+10,7.9849407500000000e+08,8.7214378700000000e+08,2.1131532642000000e+10,3.3795000000000000e+05
"STERLING",1.3700000000000000e+02,1.3600000000000000e+02,1.2275472000000000e+08,3.5324500000000000e+06,7.4627200000000000e+06,0.0000000000000000e+00,7.4350000000000000e+04,1.4369404000000000e+08,2.1336110000000000e+07,2.6032425000000000e+07,1.9106257500000000e+08,9.8698000000000000e+06
"STONINGTON",1.3800000000000000e+02,1.3700000000000000e+02,1.5486632500000000e+09,2.9594108000000000e+08,2.2104600000000000e+07,3.5412400000000000e+06,1.2224170000000000e+07,1.9481738230000000e+09,1.2761099500000000e+08,7.9398241000000000e+07,2.1551830590000000e+09,6.5699483000000000e+07
"STRATFORD",1.3900000000000000e+02,1.3800000000000000e+02,3.3231931800000000e+09,3.6518567000000000e+08,2.6349582000000000e+08,1.4701400000000000e+06,2.0053110000000000e+07,4.0409836300000000e+09,2.9458956300000000e+08,2.9671431400000000e+08,4.6322875070000000e+09,6.7585710000000000e+07
"SUFFIELD",1.4000000000000000e+02,1.3900000000000000e+02,8.7436804000000000e+08,4.1370910000000000e+07,3.5935400000000000e+07,8.1669000000000000e+05,5.3501700000000000e+06,9.6689404000000000e+08,9.6729900000000000e+07,5.6255724000000000e+07,1.1198796640000000e+09,9.0528300000000000e+06
"THOMASTON",1.4100000000000000e+02,1.4000000000000000e+02,4.4446940000000000e+08,3.4716280000000000e+07,3.6782940000000000e+07,0.0000000000000000e+00,6.9454900000000000e+06,5.3430166000000000e+08,5.1810436000000000e+07,4.2364689000000000e+07,6.2847678500000000e+08,1.1387550000000000e+07
"THOMPSON",1.4200000000000000e+02,1.4100000000000000e+02,4.7417337000000000e+08,1.4465400000000000e+07,7.3316000000000000e+06,1.4700000000000000e+05,2.6203000000000000e+06,5.7947949000000000e+08,6.1993479000000000e+07,1.8698199000000000e+07,6.6017116800000000e+08,8.0741820000000000e+07
"TOLLAND",1.4300000000000000e+02,1.4200000000000000e+02,9.8896403000000000e+08,4.9782400000000000e+07,2.1561600000000000e+07,0.0000000000000000e+00,4.5713000000000000e+06,1.0679510300000000e+09,1.0907698200000000e+08,3.8197090000000000e+07,1.2152251020000000e+09,3.0717000000000000e+06
"TORRINGTON",1.4400000000000000e+02,1.4300000000000000e+02,1.2739282000000000e+09,2.1175687000000000e+08,7.0785000000000000e+07,3.9050000000000000e+06,2.3690000000000000e+07,1.6107459220000000e+09,1.9983246900000000e+08,1.4943663300000000e+08,1.9600150240000000e+09,2.6680852000000000e+07
"TRUMBULL",1.4500000000000000e+02,1.4400000000000000e+02,3.8619371580000000e+09,4.7773850000000000e+08,1.4836580000000000e+08,5.1960000000000000e+06,2.0216900000000000e+07,4.5646158580000000e+09,2.6527530600000000e+08,2.4919274000000000e+08,5.0790839040000000e+09,5.1161500000000000e+07
"UNION",1.4600000000000000e+02,1.4500000000000000e+02,5.3811910000000000e+07,2.3621600000000000e+06,2.2441000000000000e+05,2.7966700000000000e+06,0.0000000000000000e+00,6.3357040000000000e+07,7.2928900000000000e+06,2.5143230000000000e+06,7.3164253000000000e+07,4.1618900000000000e+06
"VERNON",1.4700000000000000e+02,1.4600000000000000e+02,8.5106132100000000e+08,1.8514141000000000e+08,1.8277420000000000e+07,1.4104400000000000e+06,1.2455839000000000e+08,1.1892031510000000e+09,1.5928801000000000e+08,7.3693755000000000e+07,1.4221849160000000e+09,8.7541700000000000e+06
"VOLUNTOWN",1.4800000000000000e+02,1.4700000000000000e+02,1.7193239000000000e+08,4.5702200000000000e+06,4.7180000000000000e+04,0.0000000000000000e+00,0.0000000000000000e+00,2.0013647000000000e+08,1.8159343000000000e+07,3.1291370000000000e+06,2.2142495000000000e+08,2.3586680000000000e+07
"WALLINGFORD",1.4900000000000000e+02,1.4800000000000000e+02,2.7494931430000000e+09,5.5524635000000000e+08,2.2294674000000000e+08,9.7971200000000000e+06,2.3064340000000000e+07,3.6073444330000000e+09,3.0185258300000000e+08,3.6303908600000000e+08,4.2722361020000000e+09,4.6796740000000000e+07
"WARREN",1.5000000000000000e+02,1.4900000000000000e+02,1.7377773000000000e+08,3.6962800000000000e+06,0.0000000000000000e+00,3.8500000000000000e+03,0.0000000000000000e+00,1.9514865000000000e+08,1.1696210000000000e+07,4.4440700000000000e+06,2.1128893000000000e+08,1.7670790000000000e+07
"WASHINGTON",1.5100000000000000e+02,1.5000000000000000e+02,7.3553750000000000e+08,3.1829690000000000e+07,4.5063000000000000e+05,3.5924000000000000e+05,1.9096800000000000e+06,9.1287840000000000e+08,3.8695700000000000e+07,1.6638480000000000e+07,9.6821258000000000e+08,1.4279166000000000e+08
"WATERBURY",1.5200000000000000e+02,1.5100000000000000e+02,1.9265727050000000e+09,7.2391571800000000e+08,1.3449614800000000e+08,1.0885300000000000e+05,1.6804880600000000e+08,2.9637923790000000e+09,3.5493171700000000e+08,3.3959375500000000e+08,3.6583178510000000e+09,1.0650149000000000e+07
"WATERFORD",1.5300000000000000e+02,1.5200000000000000e+02,1.1670631000000000e+09,6.8757351000000000e+08,1.0784612000000000e+08,0.0000000000000000e+00,9.6505400000000000e+06,2.0049026800000000e+09,1.4462978000000000e+08,6.0745019200000000e+08,2.7569826520000000e+09,3.2769410000000000e+07
"WATERTOWN",1.5400000000000000e+02,1.5300000000000000e+02,1.2175545000000000e+09,8.1575800000000000e+07,1.0358280000000000e+08,2.3787000000000000e+06,9.4880000000000000e+06,1.4151773000000000e+09,1.6265687400000000e+08,1.3363008400000000e+08,1.7114642580000000e+09,5.9750000000000000e+05
"WEST HARTFORD",1.5500000000000000e+02,1.5500000000000000e+02,4.5602648000000000e+09,6.8820460000000000e+08,6.7699500000000000e+07,5.8701000000000000e+06,1.2737720000000000e+08,5.4918014000000000e+09,3.6991605000000000e+08,1.6850090000000000e+08,6.0302183500000000e+09,4.2385200000000000e+07
"WEST HAVEN",1.5600000000000000e+02,1.5600000000000000e+02,2.2109708950000000e+09,2.1904606800000000e+08,1.5886633000000000e+08,2.3197300000000000e+06,1.4981712400000000e+08,2.7615329270000000e+09,2.3022746900000000e+08,1.2794236900000000e+08,3.1197027650000000e+09,2.0512780000000000e+07
"WESTBROOK",1.5700000000000000e+02,1.5400000000000000e+02,1.0145111330000000e+09,1.1917361000000000e+08,3.2347250000000000e+07,0.0000000000000000e+00,4.2881900000000000e+06,1.2240348700000000e+09,5.0240632000000000e+07,4.8460515000000000e+07,1.3227360170000000e+09,5.3714687000000000e+07
"WESTON",1.5800000000000000e+02,1.5700000000000000e+02,2.2926111500000000e+09,1.7556110000000000e+07,0.0000000000000000e+00,0.0000000000000000e+00,0.0000000000000000e+00,2.3821030000000000e+09,1.1570874900000000e+08,1.6578517000000000e+07,2.5143902660000000e+09,7.1935740000000000e+07
"WESTPORT",1.5900000000000000e+02,1.5800000000000000e+02,8.4102209500000000e+09,1.3599914800000000e+09,1.1316600000000000e+07,3.1242000000000000e+06,6.6315000000000000e+06,9.9811647880000000e+09,2.9286307300000000e+08,1.4140825500000000e+08,1.0415436116000000e+10,1.8988005800000000e+08
"WETHERSFIELD",1.6000000000000000e+02,1.5900000000000000e+02,1.5337389000000000e+09,1.7910369000000000e+08,1.5945000000000000e+07,3.3692000000000000e+06,5.0508300000000000e+07,1.7833256900000000e+09,1.6323348000000000e+08,6.1149280000000000e+07,2.0077084500000000e+09,6.6060000000000000e+05
"WILLINGTON",1.6100000000000000e+02,1.6000000000000000e+02,2.2964500000000000e+08,4.8735090000000000e+07,3.7499300000000000e+06,6.2410000000000000e+04,1.8747690000000000e+07,3.4238680600000000e+08,3.7865284000000000e+07,1.4185828000000000e+07,3.9443791800000000e+08,4.1446686000000000e+07
"WILTON",1.6200000000000000e+02,1.6100000000000000e+02,3.0005054300000000e+09,4.3557518000000000e+08,0.0000000000000000e+00,1.5428140000000000e+07,1.2536090000000000e+07,3.4956374200000000e+09,1.8686584000000000e+08,1.4523719000000000e+08,3.8277404500000000e+09,3.1592580000000000e+07
"WINCHESTER",1.6300000000000000e+02,1.6200000000000000e+02,3.9533593500000000e+08,4.8007470000000000e+07,1.5686790000000000e+07,1.8130000000000000e+05,1.1089890000000000e+07,4.9914122500000000e+08,6.2775094000000000e+07,3.8092817000000000e+07,6.0000913600000000e+08,2.8839840000000000e+07
"WINDHAM",1.6400000000000000e+02,1.6300000000000000e+02,5.2244719500000000e+08,1.2474608500000000e+08,3.6662320000000000e+07,1.5396500000000000e+06,0.0000000000000000e+00,7.8153398000000000e+08,9.1439160000000000e+07,6.6962280000000000e+07,9.3993542000000000e+08,9.6138730000000000e+07
"WINDSOR",1.6500000000000000e+02,1.6400000000000000e+02,1.3123610500000000e+09,3.3660229000000000e+08,2.1452907000000000e+08,3.5550200000000000e+06,1.0504480000000000e+07,1.9093617300000000e+09,1.8605940500000000e+08,3.6659417700000000e+08,2.4620153120000000e+09,3.1809820000000000e+07
"WINDSOR LOCKS",1.6600000000000000e+02,1.6500000000000000e+02,5.2609924000000000e+08,1.3175780000000000e+08,1.4709530000000000e+08,4.7890000000000000e+05,1.0871000000000000e+07,8.1638538000000000e+08,1.5940939800000000e+08,1.9263088000000000e+08,1.1684256580000000e+09,8.3140000000000000e+04
"WOLCOTT",1.6700000000000000e+02,1.6600000000000000e+02,1.1011431600000000e+09,4.6304810000000000e+07,3.0267910000000000e+07,0.0000000000000000e+00,4.6997800000000000e+06,1.1986438400000000e+09,1.1252863700000000e+08,4.6709470000000000e+07,1.3578819470000000e+09,1.6228180000000000e+07
"WOODBRIDGE",1.6800000000000000e+02,1.6700000000000000e+02,1.0119988900000000e+09,5.7769180000000000e+07,1.1585520000000000e+07,4.9867000000000000e+05,7.8317000000000000e+05,1.1015801900000000e+09,8.0780260000000000e+07,2.0363200000000000e+07,1.2027236500000000e+09,1.8944760000000000e+07
"WOODBURY",1.6900000000000000e+02,1.6800000000000000e+02,8.5166439000000000e+08,5.3286600000000000e+07,1.0300440000000000e+07,0.0000000000000000e+00,1.4631590000000000e+07,9.3924759000000000e+08,8.5253521000000000e+07,2.1941804000000000e+07,1.0464429150000000e+09,9.3645700000000000e+06
"WOODSTOCK",1.7000000000000000e+02,1.6900000000000000e+02,6.3117213000000000e+08,2.6619580000000000e+07,8.9749000000000000e+06,0.0000000000000000e+00,0.0000000000000000e+00,7.0441071000000000e+08,5.8720162000000000e+07,1.9449448000000000e+07,7.8258032000000000e+08,3.7644100000000000e+07
