MUNICIPALITY,NUMBERED,TOWN CODE,RESIDENTIAL,COMMERCIAL,INDUSTRIAL,PUBLIC UTILITY,APARTMENT,TOTAL REAL,REAL EXEMPTIONS,TOTAL NET REAL,TOTAL MV,MV EXEMPTIONS,TOTAL NET MV,TOTAL PERS PROP,PERS PROP EXEMPTIONS,TOTAL NET PERS PROP,TOTAL GRAND LIST,TOTAL NET GRAND LIST,OTHER
"ANDOVER",1.0000000000000000e+00,1.0000000000000000e+00,2.1690249000000000e+08,4.5092000000000000e+06,1.0683000000000000e+06,6.1680000000000000e+05,1.5360000000000000e+06,2.3097697000000000e+08,1.1759000000000000e+06,2.2980107000000000e+08,2.5717580000000000e+07,6.9992000000000000e+05,2.5017660000000000e+07,6.4575050000000000e+06,4.5647000000000000e+05,6.0010350000000000e+06,2.6315205500000000e+08,2.6081976500000000e+08,6.3441800000000000e+06
"ANSONIA",2.0000000000000000e+00,2.0000000000000000e+00,6.5090255000000000e+08,7.8406900000000000e+07,1.5386600000000000e+07,3.3000000000000000e+04,1.5401400000000000e+07,7.6024951000000000e+08,5.8751490000000000e+06,7.5437436100000000e+08,9.2679667000000000e+07,1.2388720000000000e+06,9.1440795000000000e+07,5.0680465000000000e+07,3.9981700000000000e+06,4.6682295000000000e+07,9.0360964200000000e+08,8.9249745100000000e+08,1.1906000000000000e+05
"ASHFORD",3.0000000000000000e+00,3.0000000000000000e+00,2.2470930000000000e+08,1.2664800000000000e+07,0.0000000000000000e+00,0.0000000000000000e+00,9.2436000000000000e+06,2.5995911000000000e+08,1.0171750000000000e+06,2.5894193500000000e+08,3.0117490000000000e+07,9.6374000000000000e+05,2.9153750000000000e+07,8.8211110000000000e+06,6.6490700000000000e+05,8.1562040000000000e+06,2.9889771100000000e+08,2.9625188900000000e+08,1.3341410000000000e+07
"AVON",4.0000000000000000e+00,4.0000000000000000e+00,1.9747184000000000e+09,2.6064744000000000e+08,3.2007780000000000e+07,3.2259000000000000e+05,3.2453520000000000e+07,2.3050439900000000e+09,4.3450600000000000e+06,2.3006989300000000e+09,1.7663217000000000e+08,8.5667000000000000e+05,1.7577550000000000e+08,9.7338470000000000e+07,1.4732370000000000e+07,8.2606100000000000e+07,2.5790146300000000e+09,2.5590805300000000e+09,4.8942600000000000e+06
"BARKHAMSTED",5.0000000000000000e+00,5.0000000000000000e+00,2.4550645000000000e+08,1.1609096000000000e+07,4.3247200000000000e+06,0.0000000000000000e+00,2.1733800000000000e+06,3.0019819600000000e+08,1.0227900000000000e+06,2.9917540600000000e+08,3.0788295000000000e+07,5.4241000000000000e+05,3.0245885000000000e+07,1.4191881000000000e+07,4.5294600000000000e+06,9.6624210000000000e+06,3.4517837200000000e+08,3.3908371200000000e+08,3.6584550000000000e+07
"BEACON FALLS",6.0000000000000000e+00,6.0000000000000000e+00,3.5840641000000000e+08,1.4013620000000000e+07,3.0697430000000000e+07,3.1364000000000000e+05,7.3214000000000000e+05,4.1767777000000000e+08,3.2863460000000000e+06,4.1439142400000000e+08,4.2061090000000000e+07,3.2992000000000000e+05,4.1731170000000000e+07,2.1384974000000000e+07,2.5029840000000000e+06,1.8881990000000000e+07,4.8112383400000000e+08,4.7500458400000000e+08,1.3514530000000000e+07
"BERLIN",7.0000000000000000e+00,7.0000000000000000e+00,1.3864303800000000e+09,2.5487346000000000e+08,1.2255026000000000e+08,3.0052000000000000e+06,1.6810000000000000e+05,1.8034436000000000e+09,5.5682970000000000e+06,1.7978753030000000e+09,1.9720780000000000e+08,1.4856540000000000e+07,1.8235126000000000e+08,2.6399981000000000e+08,5.8096890000000000e+07,2.0590292000000000e+08,2.2646512100000000e+09,2.1861294830000000e+09,3.6416200000000000e+07
"BETHANY",8.0000000000000000e+00,8.0000000000000000e+00,4.5295476000000000e+08,2.4959070000000000e+07,4.8230800000000000e+06,0.0000000000000000e+00,3.1172000000000000e+05,4.8661086000000000e+08,1.9741150000000000e+06,4.8463674500000000e+08,4.5787505000000000e+07,1.7688500000000000e+05,4.5610620000000000e+07,2.2264970000000000e+07,3.2759300000000000e+06,1.8989040000000000e+07,5.5466333500000000e+08,5.4923640500000000e+08,3.5622300000000000e+06
"BETHEL",9.0000000000000000e+00,9.0000000000000000e+00,1.2670930600000000e+09,1.8775015000000000e+08,7.9222670000000000e+07,0.0000000000000000e+00,2.0778950000000000e+07,1.5963736400000000e+09,5.2321600000000000e+06,1.5911414800000000e+09,1.4187353000000000e+08,3.0281000000000000e+05,1.4157072000000000e+08,1.5672205000000000e+08,2.4641860000000000e+07,1.3208019000000000e+08,1.8949692200000000e+09,1.8647923900000000e+09,4.1528810000000000e+07
"BETHLEHEM",1.0000000000000000e+01,1.0000000000000000e+01,2.9530610000000000e+08,2.0535900000000000e+07,2.5315000000000000e+06,0.0000000000000000e+00,0.0000000000000000e+00,3.2734370000000000e+08,2.8017900000000000e+06,3.2454191000000000e+08,3.3132630000000000e+07,1.4156000000000000e+05,3.2991070000000000e+07,7.8790700000000000e+06,1.2061950000000000e+06,6.6728750000000000e+06,3.6835540000000000e+08,3.6420585500000000e+08,8.9702000000000000e+06
"BLOOMFIELD",1.1000000000000000e+01,1.1000000000000000e+01,1.1155365700000000e+09,2.6938151000000000e+08,1.8936871000000000e+08,0.0000000000000000e+00,1.0277667000000000e+08,1.6809130800000000e+09,3.1725000000000000e+06,1.6777405800000000e+09,1.5249835200000000e+08,8.8831300000000000e+06,1.4361522200000000e+08,3.4388924000000000e+08,9.8087800000000000e+07,2.4580144000000000e+08,2.1773006720000000e+09,2.0671572420000000e+09,3.8496200000000000e+06
"BOLTON",1.2000000000000000e+01,1.2000000000000000e+01,3.3639725000000000e+08,1.3893000000000000e+07,7.4264000000000000e+06,0.0000000000000000e+00,2.8266000000000000e+06,3.8105528000000000e+08,2.1607200000000000e+06,3.7889456000000000e+08,4.0154060000000000e+07,1.2524250000000000e+06,3.8901635000000000e+07,1.1650160000000000e+07,1.9985300000000000e+06,9.6516300000000000e+06,4.3285950000000000e+08,4.2744782500000000e+08,2.0512030000000000e+07
"BOZRAH",1.3000000000000000e+01,1.3000000000000000e+01,1.3936570000000000e+08,1.0256850000000000e+07,2.1027860000000000e+07,0.0000000000000000e+00,9.7175000000000000e+05,1.8077042000000000e+08,1.3490700000000000e+06,1.7942135000000000e+08,2.3694120000000000e+07,2.2048000000000000e+05,2.3473640000000000e+07,2.7365961000000000e+07,1.1679340000000000e+07,1.5686621000000000e+07,2.3183050100000000e+08,2.1858161100000000e+08,9.1482600000000000e+06
"BRANFORD",1.4000000000000000e+01,1.4000000000000000e+01,2.6311142900000000e+09,3.5235319000000000e+08,1.0603958000000000e+08,3.1496000000000000e+06,4.5462690000000000e+07,3.1577054000000000e+09,8.5404000000000000e+06,3.1491650000000000e+09,2.2199998800000000e+08,1.9151490000000000e+06,2.2008483900000000e+08,1.6605867200000000e+08,2.4236712000000000e+07,1.4182196000000000e+08,3.5457640600000000e+09,3.5110717990000000e+09,1.9586050000000000e+07
"BRIDGEPORT",1.5000000000000000e+01,1.5000000000000000e+01,4.0853440130000000e+09,9.0369342500000000e+08,5.5229600900000000e+08,4.2210115000000000e+07,2.9389274000000000e+08,5.9599237840000000e+09,2.5739107000000000e+07,5.9341846770000000e+09,4.3936954700000000e+08,8.5339730000000000e+06,4.3083557400000000e+08,8.1156618400000000e+08,9.7476793000000000e+07,7.1408939100000000e+08,7.2108595150000000e+09,7.0791096420000000e+09,8.2487482000000000e+07
"BRIDGEWATER",1.6000000000000000e+01,1.6000000000000000e+01,3.4186215200000000e+08,2.8743000000000000e+06,7.0110000000000000e+05,5.5480000000000000e+05,0.0000000000000000e+00,3.6873828200000000e+08,7.7200000000000000e+05,3.6796628200000000e+08,1.8123932000000000e+07,9.9360000000000000e+04,1.8024572000000000e+07,3.8733920000000000e+06,4.1486000000000000e+05,3.4585320000000000e+06,3.9073560600000000e+08,3.8944938600000000e+08,2.2745930000000000e+07
"BRISTOL",1.7000000000000000e+01,1.7000000000000000e+01,2.3458721800000000e+09,4.8455021000000000e+08,2.2279611000000000e+08,2.2957200000000000e+06,1.3732867000000000e+08,3.2263678000000000e+09,2.3801158000000000e+07,3.2025666420000000e+09,3.6967247000000000e+08,3.3835000000000000e+06,3.6628897000000000e+08,4.6120402000000000e+08,1.9291159000000000e+08,2.6829243000000000e+08,4.0572442900000000e+09,3.8371480420000000e+09,3.3524910000000000e+07
"BROOKFIELD",1.8000000000000000e+01,1.8000000000000000e+01,1.5711993000000000e+09,2.4497789000000000e+08,8.0582660000000000e+07,8.9261700000000000e+06,1.0703910000000000e+07,1.9587109100000000e+09,4.0706200000000000e+06,1.9546402900000000e+09,1.4310927200000000e+08,2.0699800000000000e+06,1.4103929200000000e+08,1.2680344000000000e+08,1.4427266000000000e+07,1.1237617400000000e+08,2.2286236220000000e+09,2.2080557560000000e+09,4.2320980000000000e+07
"BROOKLYN",1.9000000000000000e+01,1.9000000000000000e+01,3.9564567000000000e+08,4.5262100000000000e+07,3.4986000000000000e+06,2.5949000000000000e+06,1.5334700000000000e+07,4.7942206000000000e+08,1.6828300000000000e+06,4.7773923000000000e+08,5.4084717000000000e+07,1.4466690000000000e+06,5.2638048000000000e+07,2.0590277000000000e+07,1.2679700000000000e+06,1.9322307000000000e+07,5.5409705400000000e+08,5.4969958500000000e+08,1.7086090000000000e+07
"BURLINGTON",2.0000000000000000e+01,2.0000000000000000e+01,7.2981745000000000e+08,1.2505890000000000e+07,2.8993300000000000e+06,0.0000000000000000e+00,3.0142000000000000e+05,7.9291472000000000e+08,1.0773000000000000e+06,7.9183742000000000e+08,8.1875420000000000e+07,1.1634000000000000e+05,8.1759080000000000e+07,1.2820353000000000e+07,9.0910000000000000e+05,1.1911253000000000e+07,8.8761049300000000e+08,8.8550775300000000e+08,4.7390630000000000e+07
"CANAAN",2.1000000000000000e+01,2.1000000000000000e+01,1.0408429000000000e+08,4.0869500000000000e+06,9.6417000000000000e+06,2.0465000000000000e+06,0.0000000000000000e+00,1.5239774000000000e+08,2.5900000000000000e+05,1.5213874000000000e+08,8.6625600000000000e+06,6.1020000000000000e+04,8.6015400000000000e+06,1.1366640000000000e+07,1.5254400000000000e+06,9.8412000000000000e+06,1.7242694000000000e+08,1.7058148000000000e+08,3.2538300000000000e+07
"CANTERBURY",2.2000000000000000e+01,2.2000000000000000e+01,3.0683886800000000e+08,1.0849180000000000e+07,4.3845000000000000e+06,3.3882000000000000e+06,1.6536000000000000e+06,3.4665122800000000e+08,3.3500000000000000e+06,3.4330122800000000e+08,3.8281380000000000e+07,8.2661000000000000e+05,3.7454770000000000e+07,9.8034400000000000e+06,1.0037000000000000e+06,8.7997400000000000e+06,3.9473604800000000e+08,3.8955573800000000e+08,1.9536880000000000e+07
"CANTON",2.3000000000000000e+01,2.3000000000000000e+01,8.1813249000000000e+08,1.3498342000000000e+08,7.6631000000000000e+06,1.5550000000000000e+05,7.4650500000000000e+06,9.7069636000000000e+08,1.2042500000000000e+06,9.6949211000000000e+08,8.2287060000000000e+07,1.7711000000000000e+05,8.2109950000000000e+07,4.3390750000000000e+07,8.9687000000000000e+05,4.2493880000000000e+07,1.0963741700000000e+09,1.0940959400000000e+09,2.2968000000000000e+06
"CHAPLIN",2.4000000000000000e+01,2.4000000000000000e+01,1.1298920000000000e+08,7.6869000000000000e+06,1.2940000000000000e+06,0.0000000000000000e+00,2.9680000000000000e+05,1.2416600000000000e+08,5.7709000000000000e+05,1.2358891000000000e+08,1.6195010000000000e+07,6.4510000000000000e+04,1.6130500000000000e+07,9.4708500000000000e+06,2.9442000000000000e+05,9.1764300000000000e+06,1.4983186000000000e+08,1.4889584000000000e+08,1.8991000000000000e+06
"CHESHIRE",2.5000000000000000e+01,2.5000000000000000e+01,1.9687046400000000e+09,3.1418413000000000e+08,4.5953370000000000e+07,4.6427000000000000e+05,1.0123300000000000e+07,2.3605093700000000e+09,1.9782787000000000e+07,2.3407265830000000e+09,2.3068041700000000e+08,9.1433560000000000e+06,2.2153706100000000e+08,1.7919501200000000e+08,4.3034350000000000e+07,1.3616066200000000e+08,2.7703847990000000e+09,2.6984243060000000e+09,2.1079660000000000e+07
"CHESTER",2.6000000000000000e+01,2.6000000000000000e+01,3.1712521000000000e+08,5.5476070000000000e+07,1.4760280000000000e+07,2.4237100000000000e+06,2.9483500000000000e+06,3.9946668000000000e+08,1.9533300000000000e+06,3.9751335000000000e+08,2.8887820000000000e+07,1.9172000000000000e+05,2.8696100000000000e+07,2.1763220000000000e+07,7.3265300000000000e+06,1.4436690000000000e+07,4.5011772000000000e+08,4.4064614000000000e+08,6.7330600000000000e+06
"CLINTON",2.7000000000000000e+01,2.7000000000000000e+01,1.1752156350000000e+09,1.3343880300000000e+08,2.6459750000000000e+07,1.0399000000000000e+06,4.3959920000000000e+06,1.3569925900000000e+09,5.4158300000000000e+06,1.3515767600000000e+09,9.5227762000000000e+07,7.6738000000000000e+05,9.4460382000000000e+07,6.2415511000000000e+07,2.9572900000000000e+06,5.9458221000000000e+07,1.5146358630000000e+09,1.5054953630000000e+09,1.6442510000000000e+07
"COLCHESTER",2.8000000000000000e+01,2.8000000000000000e+01,8.8660166000000000e+08,8.6018000000000000e+07,8.8021000000000000e+06,3.9773000000000000e+06,2.0882700000000000e+07,1.0418701200000000e+09,3.8719090000000000e+06,1.0379982110000000e+09,1.1787428300000000e+08,1.9150740000000000e+06,1.1595920900000000e+08,4.3822655000000000e+07,1.9649000000000000e+06,4.1857755000000000e+07,1.2035670580000000e+09,1.1958151750000000e+09,3.5588360000000000e+07
"COLEBROOK",2.9000000000000000e+01,2.9000000000000000e+01,1.4758725000000000e+08,1.6121000000000000e+06,5.8910000000000000e+05,1.1313700000000000e+07,0.0000000000000000e+00,1.6333492000000000e+08,1.1150000000000000e+06,1.6221992000000000e+08,1.2658670000000000e+07,1.7679000000000000e+05,1.2481880000000000e+07,1.2928690000000000e+07,9.3410000000000000e+04,1.2835280000000000e+07,1.8892228000000000e+08,1.8753708000000000e+08,2.2327700000000000e+06
"COLUMBIA",3.0000000000000000e+01,3.0000000000000000e+01,3.8091951000000000e+08,1.4635700000000000e+07,6.1127300000000000e+06,3.1500000000000000e+05,5.3260000000000000e+05,4.1304198100000000e+08,1.2045000000000000e+06,4.1183748100000000e+08,4.2975000000000000e+07,2.2483000000000000e+05,4.2750170000000000e+07,1.3492630000000000e+07,1.9822100000000000e+06,1.1510420000000000e+07,4.6950961100000000e+08,4.6609807100000000e+08,1.0526441000000000e+07
"CORNWALL",3.1000000000000000e+01,3.1000000000000000e+01,2.6964281000000000e+08,1.2511500000000000e+07,0.0000000000000000e+00,0.0000000000000000e+00,0.0000000000000000e+00,3.7573181000000000e+08,3.7600000000000000e+05,3.7535581000000000e+08,1.3700460000000000e+07,5.7180000000000000e+04,1.3643280000000000e+07,9.0128700000000000e+06,4.7565000000000000e+05,8.5372200000000000e+06,3.9844514000000000e+08,3.9753631000000000e+08,9.3577500000000000e+07
"COVENTRY",3.2000000000000000e+01,3.2000000000000000e+01,8.5397842000000000e+08,3.4581900000000000e+07,1.1926000000000000e+06,4.5590000000000000e+05,0.0000000000000000e+00,8.9171922000000000e+08,2.8422000000000000e+06,8.8887702000000000e+08,8.8117100000000000e+07,5.3463000000000000e+05,8.7582470000000000e+07,2.5996280000000000e+07,2.1943700000000000e+06,2.3801910000000000e+07,1.0058326000000000e+09,1.0002614000000000e+09,1.5104000000000000e+06
"CROMWELL",3.3000000000000000e+01,3.3000000000000000e+01,8.4926209000000000e+08,1.8627384000000000e+08,3.5683800000000000e+07,0.0000000000000000e+00,1.3323400000000000e+06,1.0831390800000000e+09,3.1557650000000000e+06,1.0799833150000000e+09,1.0870475000000000e+08,4.2894000000000000e+05,1.0827581000000000e+08,9.1839077000000000e+07,8.7297700000000000e+06,8.3109307000000000e+07,1.2836829070000000e+09,1.2713684320000000e+09,1.0587010000000000e+07
"DANBURY",3.4000000000000000e+01,3.4000000000000000e+01,3.8855665000000000e+09,1.4337644000000000e+09,3.4539020000000000e+08,2.7877000000000000e+06,2.4647660000000000e+08,6.0626859000000000e+09,4.9122835000000000e+07,6.0135630650000000e+09,4.9985148400000000e+08,1.2593800000000000e+06,4.9859210400000000e+08,5.4428865800000000e+08,1.6883434000000000e+08,3.7545431800000000e+08,7.1068260420000000e+09,6.8876094870000000e+09,1.4870050000000000e+08
"DARIEN",3.5000000000000000e+01,3.5000000000000000e+01,7.0474079700000000e+09,6.4612415000000000e+08,3.2326000000000000e+06,5.4740000000000000e+05,3.9723670000000000e+07,7.8523493200000000e+09,1.0835000000000000e+06,7.8512658200000000e+09,2.3298479600000000e+08,6.0120000000000000e+04,2.3292467600000000e+08,1.6646782600000000e+08,1.4500000000000000e+04,1.6645332600000000e+08,8.2518019420000000e+09,8.2506438220000000e+09,1.1531353000000000e+08
"DEEP RIVER",3.6000000000000000e+01,3.6000000000000000e+01,3.8474194000000000e+08,2.9873540000000000e+07,1.4212150000000000e+07,4.3022000000000000e+05,2.7241200000000000e+06,4.4220827000000000e+08,1.5833800000000000e+06,4.4062489000000000e+08,3.4044220000000000e+07,1.8939000000000000e+05,3.3854830000000000e+07,2.6244680000000000e+07,1.0342884000000000e+07,1.5901796000000000e+07,5.0249717000000000e+08,4.9038151600000000e+08,1.0226300000000000e+07
"DERBY",3.7000000000000000e+01,3.7000000000000000e+01,5.0298429000000000e+08,1.0202631000000000e+08,9.4138550000000000e+06,4.5607000000000000e+05,1.7661560000000000e+07,6.4564339500000000e+08,4.6198400000000000e+06,6.4102355500000000e+08,6.5147960000000000e+07,6.4618000000000000e+05,6.4501780000000000e+07,4.3962413000000000e+07,1.0886670000000000e+06,4.2873746000000000e+07,7.5475376800000000e+08,7.4839908100000000e+08,1.3101310000000000e+07
"DURHAM",3.8000000000000000e+01,3.8000000000000000e+01,5.0502636500000000e+08,1.9286470000000000e+07,1.8324880000000000e+07,3.9823000000000000e+05,1.6172800000000000e+06,6.5333140900000000e+08,4.1285800000000000e+06,6.4920282900000000e+08,6.2333934000000000e+07,2.5719000000000000e+05,6.2076744000000000e+07,5.0661713000000000e+07,1.8184876000000000e+07,3.2476837000000000e+07,7.6632705600000000e+08,7.4375641000000000e+08,1.0867818400000000e+08
"EAST GRANBY",3.9000000000000000e+01,4.0000000000000000e+01,3.5642940000000000e+08,1.8929900000000000e+07,7.4490100000000000e+07,6.6680000000000000e+05,0.0000000000000000e+00,4.5261160000000000e+08,2.0859400000000000e+06,4.5052566000000000e+08,5.4362495000000000e+07,2.1265270000000000e+06,5.2235968000000000e+07,1.0799525500000000e+08,3.7790816000000000e+07,7.0204439000000000e+07,6.1496935000000000e+08,5.7296606700000000e+08,2.0954000000000000e+06
"EAST HADDAM",4.0000000000000000e+01,4.1000000000000000e+01,6.9706259000000000e+08,3.1397590000000000e+07,7.3865400000000000e+06,0.0000000000000000e+00,3.1691100000000000e+06,7.6367996000000000e+08,3.3473540000000000e+06,7.6033260600000000e+08,7.2059680000000000e+07,2.6488600000000000e+06,6.9410820000000000e+07,1.9626384000000000e+07,7.8528000000000000e+05,1.8841104000000000e+07,8.5536602400000000e+08,8.4858453000000000e+08,2.4664130000000000e+07
"EAST HAMPTON",4.1000000000000000e+01,4.2000000000000000e+01,9.1567026000000000e+08,5.3566825000000000e+07,8.1651460000000000e+06,0.0000000000000000e+00,2.1230060000000000e+06,1.0145648430000000e+09,3.6031500000000000e+06,1.0109616930000000e+09,9.9452221000000000e+07,7.0898000000000000e+05,9.8743241000000000e+07,2.8058760000000000e+07,1.7825550000000000e+06,2.6276205000000000e+07,1.1420758240000000e+09,1.1359811390000000e+09,3.5039606000000000e+07
"EAST HARTFORD",4.2000000000000000e+01,4.3000000000000000e+01,1.4666047660000000e+09,3.8857370900000000e+08,2.4364236000000000e+08,1.5694600000000000e+06,1.0664567400000000e+08,2.2323682940000000e+09,3.5871083000000000e+07,2.1964972110000000e+09,2.6147266000000000e+08,2.5858100000000000e+06,2.5888685000000000e+08,4.6097277000000000e+08,2.2848024000000000e+08,2.3249253000000000e+08,2.9548137240000000e+09,2.6878765910000000e+09,2.5332325000000000e+07
"EAST HAVEN",4.3000000000000000e+01,4.4000000000000000e+01,1.4314987700000000e+09,2.8743899100000000e+08,2.0191489000000000e+07,0.0000000000000000e+00,6.9864500000000000e+06,1.7761844600000000e+09,1.5410950000000000e+07,1.7607735100000000e+09,1.6456520800000000e+08,2.8734740000000000e+06,1.6169173400000000e+08,5.6863758000000000e+07,3.9779500000000000e+06,5.2885808000000000e+07,1.9976134260000000e+09,1.9753510520000000e+09,3.0068760000000000e+07
"EAST LYME",4.4000000000000000e+01,4.5000000000000000e+01,1.6870666230000000e+09,1.2226948600000000e+08,1.4150920000000000e+07,7.7385000000000000e+05,2.9721438000000000e+07,1.8989590390000000e+09,9.1660000000000000e+06,1.8897930390000000e+09,1.2906120000000000e+08,1.1289000000000000e+06,1.2793230000000000e+08,4.7592145000000000e+07,3.3682200000000000e+06,4.4223925000000000e+07,2.0756123840000000e+09,2.0619492640000000e+09,4.4976722000000000e+07
"EAST WINDSOR",4.5000000000000000e+01,4.7000000000000000e+01,4.9772517000000000e+08,1.8091654000000000e+08,7.2734310000000000e+07,0.0000000000000000e+00,3.8513760000000000e+07,7.9951863000000000e+08,1.2733300000000000e+06,7.9824530000000000e+08,9.8720595000000000e+07,6.6729400000000000e+06,9.2047655000000000e+07,8.9728635000000000e+07,2.7729380000000000e+07,6.1999255000000000e+07,9.8796786000000000e+08,9.5229221000000000e+08,9.6288500000000000e+06
"EASTFORD",4.6000000000000000e+01,3.9000000000000000e+01,1.0783064500000000e+08,6.1456300000000000e+06,2.6383900000000000e+06,0.0000000000000000e+00,0.0000000000000000e+00,1.2186865500000000e+08,7.0343500000000000e+05,1.2116522000000000e+08,1.3983330000000000e+07,1.4181000000000000e+05,1.3841520000000000e+07,1.3110557000000000e+07,6.8446350000000000e+06,6.2659220000000000e+06,1.4896254200000000e+08,1.4127266200000000e+08,5.2539900000000000e+06
"EASTON",4.7000000000000000e+01,4.6000000000000000e+01,1.1940151900000000e+09,1.1414950000000000e+07,2.3067980000000000e+07,1.0748500000000000e+06,0.0000000000000000e+00,1.2389072000000000e+09,3.2430200000000000e+06,1.2356641800000000e+09,7.6095099000000000e+07,2.4394000000000000e+05,7.5851159000000000e+07,1.5608066000000000e+07,7.5824000000000000e+05,1.4849826000000000e+07,1.3306103650000000e+09,1.3263651650000000e+09,9.3342300000000000e+06
"ELLINGTON",4.8000000000000000e+01,4.8000000000000000e+01,9.6853595600000000e+08,7.6370950000000000e+07,1.8070990000000000e+07,6.2677000000000000e+05,6.0052720000000000e+07,1.1323765160000000e+09,6.1865800000000000e+06,1.1261899360000000e+09,1.2293204800000000e+08,1.2581900000000000e+06,1.2167385800000000e+08,6.0500709000000000e+07,1.6364034000000000e+07,4.4136675000000000e+07,1.3158092730000000e+09,1.2920004690000000e+09,8.7191300000000000e+06
"ENFIELD",4.9000000000000000e+01,4.9000000000000000e+01,1.7969401900000000e+09,3.6528408100000000e+08,1.6883696000000000e+08,5.2027400000000000e+06,5.3501380000000000e+07,2.4230783110000000e+09,1.3568620000000000e+07,2.4095096910000000e+09,2.6138032000000000e+08,2.0757970000000000e+06,2.5930452300000000e+08,2.0487627900000000e+08,2.2595403000000000e+07,1.8228087600000000e+08,2.8893349100000000e+09,2.8510950900000000e+09,3.3312960000000000e+07
"ESSEX",5.0000000000000000e+01,5.0000000000000000e+01,7.9739620000000000e+08,1.1167180000000000e+08,3.3792000000000000e+07,0.0000000000000000e+00,0.0000000000000000e+00,9.4343300000000000e+08,2.5638800000000000e+06,9.4086912000000000e+08,6.3187280000000000e+07,2.0917200000000000e+06,6.1095560000000000e+07,3.9785864000000000e+07,1.0200233000000000e+07,2.9585631000000000e+07,1.0464061440000000e+09,1.0315503110000000e+09,5.7300000000000000e+05
"FAIRFIELD",5.1000000000000000e+01,5.1000000000000000e+01,8.9683848110000000e+09,1.0350772400000000e+09,5.2587430000000000e+07,3.5935220000000000e+07,6.5116100000000000e+06,1.0191646321000000e+10,3.7489180000000000e+07,1.0154157141000000e+10,4.8911948200000000e+08,1.6708400000000000e+06,4.8744864200000000e+08,2.8404597000000000e+08,1.2140600000000000e+07,2.7190537000000000e+08,1.0964811773000000e+10,1.0913511153000000e+10,9.3150010000000000e+07
"FARMINGTON",5.2000000000000000e+01,5.2000000000000000e+01,2.2372708500000000e+09,7.9800846500000000e+08,3.7626250000000000e+07,2.3576000000000000e+05,0.0000000000000000e+00,3.0826644650000000e+09,2.0705000000000000e+06,3.0805939650000000e+09,2.2680016500000000e+08,7.2430000000000000e+05,2.2607586500000000e+08,2.3077718800000000e+08,3.7385280000000000e+07,1.9339190800000000e+08,3.5402418180000000e+09,3.5000617380000000e+09,9.5231400000000000e+06
"FRANKLIN",5.3000000000000000e+01,5.3000000000000000e+01,1.0791919000000000e+08,3.1280170000000000e+07,3.9365900000000000e+06,0.0000000000000000e+00,6.1094000000000000e+05,1.5567031000000000e+08,4.2926000000000000e+05,1.5524105000000000e+08,1.9473150000000000e+07,6.8605000000000000e+05,1.8787100000000000e+07,1.6834270000000000e+07,1.7472400000000000e+06,1.5087030000000000e+07,1.9197773000000000e+08,1.8911518000000000e+08,1.1923420000000000e+07
"GLASTONBURY",5.4000000000000000e+01,5.4000000000000000e+01,2.7936580700000000e+09,4.7972766000000000e+08,7.0879990000000000e+07,3.5200000000000000e+06,2.6967110000000000e+07,3.4163208300000000e+09,5.2238500000000000e+06,3.4110969800000000e+09,2.8631020500000000e+08,9.7239300000000000e+05,2.8533781200000000e+08,1.5142338000000000e+08,1.5268760000000000e+07,1.3615462000000000e+08,3.8540544150000000e+09,3.8325894120000000e+09,4.1568000000000000e+07
"GOSHEN",5.5000000000000000e+01,5.5000000000000000e+01,4.2626439000000000e+08,1.6661870000000000e+07,6.9067000000000000e+05,2.4491700000000000e+06,1.7640000000000000e+05,4.8311091000000000e+08,1.7950000000000000e+06,4.8131591000000000e+08,3.0662620000000000e+07,6.7590000000000000e+04,3.0595030000000000e+07,9.7993100000000000e+06,1.1651200000000000e+06,8.6341900000000000e+06,5.2357284000000000e+08,5.2054513000000000e+08,3.6868410000000000e+07
"GRANBY",5.6000000000000000e+01,5.6000000000000000e+01,7.2729077000000000e+08,3.7260790000000000e+07,3.4239100000000000e+06,6.9174000000000000e+05,4.2793100000000000e+06,8.5397462000000000e+08,1.7380500000000000e+06,8.5223657000000000e+08,8.8346140000000000e+07,5.3426000000000000e+05,8.7811880000000000e+07,2.1891910000000000e+07,1.9107400000000000e+06,1.9981170000000000e+07,9.6421267000000000e+08,9.6002962000000000e+08,8.1028100000000000e+07
"GREENWICH",5.7000000000000000e+01,5.7000000000000000e+01,2.4436561310000000e+10,4.2367522960000000e+09,9.2427230000000000e+07,3.3534970000000000e+07,2.6661432000000000e+08,2.9576413076000000e+10,1.9833000000000000e+07,2.9556580076000000e+10,7.7084573000000000e+08,2.7240900000000000e+06,7.6812164000000000e+08,6.5087174000000000e+08,1.9623780000000000e+07,6.3124796000000000e+08,3.0998130546000000e+10,3.0955949676000000e+10,5.1052295000000000e+08
"GRISWOLD",5.8000000000000000e+01,5.8000000000000000e+01,5.4082842500000000e+08,3.6993750000000000e+07,3.8458700000000000e+06,2.0156420000000000e+06,8.9555350000000000e+06,6.1341409200000000e+08,5.3930400000000000e+06,6.0802105200000000e+08,7.4820593000000000e+07,1.0248680000000000e+06,7.3795725000000000e+07,1.8288844000000000e+07,1.0775600000000000e+06,1.7211284000000000e+07,7.0652352900000000e+08,6.9902806100000000e+08,2.0774870000000000e+07
"GROTON",5.9000000000000000e+01,5.9000000000000000e+01,2.2183340200000000e+09,3.7829552500000000e+08,6.0409692000000000e+08,0.0000000000000000e+00,1.5825194000000000e+08,3.4351841250000000e+09,1.6608150000000000e+07,3.4185759750000000e+09,2.2120043500000000e+08,1.3493041000000000e+07,2.0770739400000000e+08,4.4643071700000000e+08,1.6311078000000000e+08,2.8331993700000000e+08,4.1028152770000000e+09,3.9096033060000000e+09,7.6205720000000000e+07
"GROTON (City of)",6.0000000000000000e+01,,,,,,,,,,,,,,,,,,
"GUILFORD",6.1000000000000000e+01,6.0000000000000000e+01,2.5711021700000000e+09,1.8805179000000000e+08,2.3690410000000000e+07,0.0000000000000000e+00,3.0320200000000000e+06,2.8060137000000000e+09,8.2863900000000000e+06,2.7977273100000000e+09,1.8237564000000000e+08,7.8861000000000000e+05,1.8158703000000000e+08,7.5203315000000000e+07,1.1800020000000000e+07,6.3403295000000000e+07,3.0635926550000000e+09,3.0427176350000000e+09,2.0137310000000000e+07
"HADDAM",6.2000000000000000e+01,6.1000000000000000e+01,6.9625211800000000e+08,2.6205310000000000e+07,2.5161810000000000e+07,1.2221100000000000e+06,5.1564000000000000e+05,7.8354223800000000e+08,1.9387000000000000e+06,7.8160353800000000e+08,6.7573120000000000e+07,1.9942000000000000e+05,6.7373700000000000e+07,5.6732565000000000e+07,5.4510000000000000e+05,5.6187465000000000e+07,9.0784792300000000e+08,9.0516470300000000e+08,3.4185250000000000e+07
"HAMDEN",6.3000000000000000e+01,6.2000000000000000e+01,2.8432380260000000e+09,4.6585342200000000e+08,6.5436110000000000e+07,4.0618900000000000e+06,2.5829616000000000e+08,3.6460051620000000e+09,2.8887344000000000e+07,3.6171178180000000e+09,3.1501983000000000e+08,3.3306420000000000e+06,3.1168918800000000e+08,1.6228263000000000e+08,1.8764008000000000e+07,1.4351862200000000e+08,4.1233076220000000e+09,4.0723256280000000e+09,9.1195540000000000e+06
"HAMPTON",6.4000000000000000e+01,6.3000000000000000e+01,1.0090008500000000e+08,1.8338200000000000e+06,1.1592000000000000e+05,0.0000000000000000e+00,0.0000000000000000e+00,1.0775980000000000e+08,7.4494000000000000e+05,1.0701486000000000e+08,1.5785110000000000e+07,1.6090000000000000e+06,1.4176110000000000e+07,4.1831480000000000e+06,3.0952800000000000e+05,3.8736200000000000e+06,1.2772805800000000e+08,1.2506459000000000e+08,4.9099750000000000e+06
"HARTFORD",6.5000000000000000e+01,6.4000000000000000e+01,7.4596043900000000e+08,1.1486921720000000e+09,6.8824351000000000e+07,1.6585030000000000e+07,5.1399413600000000e+08,2.5719823680000000e+09,3.0477648000000000e+07,2.5415047200000000e+09,3.0995979600000000e+08,1.7272049000000000e+07,2.9268774700000000e+08,7.3542629000000000e+08,3.8273980000000000e+07,6.9715231000000000e+08,3.6173684540000000e+09,3.5313447770000000e+09,7.7926240000000000e+07
"HARTLAND",6.6000000000000000e+01,6.5000000000000000e+01,1.5077362000000000e+08,6.2268000000000000e+05,0.0000000000000000e+00,1.6775670000000000e+07,0.0000000000000000e+00,1.7332561000000000e+08,4.4950000000000000e+05,1.7287611000000000e+08,1.6550645000000000e+07,6.0010000000000000e+04,1.6490635000000000e+07,7.8159020000000000e+06,2.3042000000000000e+04,7.7928600000000000e+06,1.9769215700000000e+08,1.9715960500000000e+08,5.1536400000000000e+06
"HARWINTON",6.7000000000000000e+01,6.6000000000000000e+01,4.2486935600000000e+08,1.2911500000000000e+07,2.1139700000000000e+06,0.0000000000000000e+00,0.0000000000000000e+00,4.6958727600000000e+08,7.6000000000000000e+04,4.6951127600000000e+08,5.2295840000000000e+07,8.4955000000000000e+05,5.1446290000000000e+07,2.1639354000000000e+07,1.5169450000000000e+06,2.0122409000000000e+07,5.4352247000000000e+08,5.4107997500000000e+08,2.9692450000000000e+07
"HEBRON",6.8000000000000000e+01,6.7000000000000000e+01,6.5329271000000000e+08,2.1952210000000000e+07,8.7759000000000000e+05,0.0000000000000000e+00,3.0166500000000000e+06,6.9394822000000000e+08,2.4979500000000000e+06,6.9145027000000000e+08,7.2404690000000000e+07,3.6525000000000000e+05,7.2039440000000000e+07,1.5784600000000000e+07,6.3023000000000000e+05,1.5154370000000000e+07,7.8213751000000000e+08,7.7864408000000000e+08,1.4809060000000000e+07
"KENT",6.9000000000000000e+01,6.8000000000000000e+01,4.6499140000000000e+08,3.6656135000000000e+07,0.0000000000000000e+00,2.3742000000000000e+06,2.2680000000000000e+05,5.5507403500000000e+08,1.2325100000000000e+06,5.5384152500000000e+08,2.4909030000000000e+07,4.9520000000000000e+04,2.4859510000000000e+07,1.4148324000000000e+07,3.0893000000000000e+05,1.3839394000000000e+07,5.9413138900000000e+08,5.9254042900000000e+08,5.0825500000000000e+07
"KILLINGLY",7.0000000000000000e+01,6.9000000000000000e+01,5.9026748600000000e+08,1.3094973000000000e+08,7.4909520000000000e+07,1.3504148000000000e+08,3.0887590000000000e+07,1.0092020060000000e+09,1.4059411500000000e+08,8.6860789100000000e+08,1.0497233000000000e+08,4.3753600000000000e+06,1.0059697000000000e+08,3.8377036600000000e+08,2.6863344800000000e+08,1.1513691800000000e+08,1.4979447020000000e+09,1.0843417790000000e+09,4.7146200000000000e+07
"KILLINGWORTH",7.1000000000000000e+01,7.0000000000000000e+01,6.2564329000000000e+08,2.0378930000000000e+07,7.0278000000000000e+05,0.0000000000000000e+00,6.2480000000000000e+04,6.5519197000000000e+08,1.7089900000000000e+06,6.5348298000000000e+08,5.5870745000000000e+07,2.2769000000000000e+05,5.5643055000000000e+07,9.8667270000000000e+06,2.6096300000000000e+05,9.6057640000000000e+06,7.2092944200000000e+08,7.1873179900000000e+08,8.4044900000000000e+06
"LEBANON",7.2000000000000000e+01,7.1000000000000000e+01,4.5845551000000000e+08,1.4201280000000000e+07,4.8502000000000000e+06,1.0926400000000000e+06,1.1110200000000000e+06,4.9814715000000000e+08,1.9235000000000000e+06,4.9622365000000000e+08,5.7367646000000000e+07,9.6680000000000000e+05,5.6400846000000000e+07,4.4799450000000000e+07,6.7594700000000000e+06,3.8039980000000000e+07,6.0031424600000000e+08,5.9066447600000000e+08,1.8436500000000000e+07
"LEDYARD",7.3000000000000000e+01,7.2000000000000000e+01,8.8270269900000000e+08,4.8180569000000000e+07,9.3561300000000000e+06,5.3130000000000000e+05,8.4455000000000000e+06,9.8016820000000000e+08,3.4229100000000000e+06,9.7674529000000000e+08,1.0239788700000000e+08,5.9354520000000000e+06,9.6462435000000000e+07,6.7689381000000000e+07,2.3391673000000000e+07,4.4297708000000000e+07,1.1502554680000000e+09,1.1175054330000000e+09,3.0952002000000000e+07
"LISBON",7.4000000000000000e+01,7.3000000000000000e+01,2.2303177000000000e+08,8.1025990000000000e+07,9.8033000000000000e+05,2.6257000000000000e+05,7.9983000000000000e+05,3.2056331000000000e+08,1.3159600000000000e+06,3.1924735000000000e+08,3.1017570000000000e+07,3.8148000000000000e+05,3.0636090000000000e+07,3.4815012000000000e+07,1.5268769000000000e+07,1.9546243000000000e+07,3.8639589200000000e+08,3.6942968300000000e+08,1.4462820000000000e+07
"LITCHFIELD",7.5000000000000000e+01,7.4000000000000000e+01,7.8187985000000000e+08,8.5150740000000000e+07,9.8036500000000000e+06,0.0000000000000000e+00,5.4537400000000000e+06,9.2586933000000000e+08,1.8467500000000000e+06,9.2402258000000000e+08,7.3083990000000000e+07,2.7373000000000000e+05,7.2810260000000000e+07,3.2380659000000000e+07,1.4621100000000000e+06,3.0918549000000000e+07,1.0313339790000000e+09,1.0277513890000000e+09,4.3581350000000000e+07
"LYME",7.6000000000000000e+01,7.5000000000000000e+01,4.6307760000000000e+08,4.3908000000000000e+06,0.0000000000000000e+00,3.6820000000000000e+05,0.0000000000000000e+00,4.8643198300000000e+08,1.0329930000000000e+06,4.8539899000000000e+08,2.2052820000000000e+07,2.0260000000000000e+04,2.2032560000000000e+07,6.4182470000000000e+06,2.1081300000000000e+05,6.2074340000000000e+06,5.1490305000000000e+08,5.1363898400000000e+08,1.8595383000000000e+07
"MADISON",7.7000000000000000e+01,7.6000000000000000e+01,2.4503452000000000e+09,1.6118030000000000e+08,2.7420000000000000e+06,3.5720000000000000e+06,3.7110000000000000e+06,2.6545933000000000e+09,8.8125000000000000e+06,2.6457808000000000e+09,1.6143249000000000e+08,8.3347000000000000e+05,1.6059902000000000e+08,5.2996187000000000e+07,4.6829000000000000e+05,5.2527897000000000e+07,2.8690219770000000e+09,2.8589077170000000e+09,3.3042800000000000e+07
"MANCHESTER",7.8000000000000000e+01,7.7000000000000000e+01,2.1386582300000000e+09,7.1597834000000000e+08,1.8792353000000000e+08,4.9389000000000000e+06,2.4864280000000000e+08,3.2967868000000000e+09,1.8694288000000000e+07,3.2780925120000000e+09,3.3696948000000000e+08,4.8444800000000000e+06,3.3212500000000000e+08,3.7490510000000000e+08,9.3059400000000000e+07,2.8184570000000000e+08,4.0086613800000000e+09,3.8920632120000000e+09,6.4500000000000000e+05
"MANSFIELD",7.9000000000000000e+01,7.8000000000000000e+01,7.4514462000000000e+08,1.3021543000000000e+08,2.1277900000000000e+06,1.1165700000000000e+06,3.6413870000000000e+07,9.2225278000000000e+08,2.6489000000000000e+06,9.1960388000000000e+08,7.6372349000000000e+07,8.5002200000000000e+05,7.5522327000000000e+07,4.4979492000000000e+07,3.8533200000000000e+06,4.1126172000000000e+07,1.0436046210000000e+09,1.0362523790000000e+09,7.2345000000000000e+06
"MARLBOROUGH",8.0000000000000000e+01,7.9000000000000000e+01,4.8148825000000000e+08,2.7154490000000000e+07,2.2333500000000000e+06,0.0000000000000000e+00,0.0000000000000000e+00,5.1160312000000000e+08,1.6436100000000000e+06,5.0995951000000000e+08,5.1367650000000000e+07,1.1213000000000000e+05,5.1255520000000000e+07,1.1610545000000000e+07,7.7853000000000000e+05,1.0832015000000000e+07,5.7458131500000000e+08,5.7204704500000000e+08,7.2703000000000000e+05
"MERIDEN",8.1000000000000000e+01,8.0000000000000000e+01,2.0595384340000000e+09,5.7735055000000000e+08,2.0117920000000000e+07,4.3310400000000000e+06,6.3457240000000000e+07,2.7353871410000000e+09,1.1558620000000000e+07,2.7238285210000000e+09,2.9556627800000000e+08,3.6358500000000000e+06,2.9193042800000000e+08,2.5841099800000000e+08,4.9267170000000000e+07,2.0914382800000000e+08,3.2893644170000000e+09,3.2249027770000000e+09,1.0591957000000000e+07
"MIDDLEBURY",8.2000000000000000e+01,8.1000000000000000e+01,6.7509640000000000e+08,1.0010140200000000e+08,8.5307000000000000e+06,7.6850000000000000e+05,5.6833000000000000e+04,8.2128130500000000e+08,2.2510680000000000e+06,8.1903023700000000e+08,6.4727525000000000e+07,5.3292000000000000e+05,6.4194605000000000e+07,4.7254294000000000e+07,2.2330220000000000e+06,4.5021272000000000e+07,9.3326312400000000e+08,9.2824611400000000e+08,3.6727470000000000e+07
"MIDDLEFIELD",8.3000000000000000e+01,8.2000000000000000e+01,3.1873250000000000e+08,1.7549100000000000e+07,1.5064200000000000e+07,1.8679300000000000e+06,9.2530000000000000e+05,3.5571663000000000e+08,1.8735000000000000e+06,3.5384313000000000e+08,3.3624210000000000e+07,2.1782000000000000e+05,3.3406390000000000e+07,3.2261790000000000e+07,1.4109530000000000e+07,1.8152260000000000e+07,4.2160263000000000e+08,4.0540178000000000e+08,1.5776000000000000e+06
"MIDDLETOWN",8.4000000000000000e+01,8.3000000000000000e+01,1.7418753210000000e+09,4.3424727800000000e+08,1.7085813300000000e+08,5.4344880000000000e+07,2.1137651500000000e+08,2.6497224160000000e+09,1.8510777000000000e+07,2.6312116390000000e+09,2.8061411000000000e+08,7.3915650000000000e+06,2.7322254500000000e+08,5.5009241600000000e+08,1.5073466000000000e+08,3.9935775600000000e+08,3.4804289420000000e+09,3.3037919400000000e+09,3.7020289000000000e+07
"MILFORD",8.5000000000000000e+01,8.4000000000000000e+01,4.2676431750000000e+09,9.8938252000000000e+08,2.3544424000000000e+08,2.8578490000000000e+07,1.2194886000000000e+08,5.7135827850000000e+09,2.3705824000000000e+07,5.6898769610000000e+09,3.7565163000000000e+08,2.3689300000000000e+06,3.7328270000000000e+08,4.6173547500000000e+08,1.1923450900000000e+08,3.4250096600000000e+08,6.5509698900000000e+09,6.4056606270000000e+09,7.0585500000000000e+07
"MONROE",8.6000000000000000e+01,8.5000000000000000e+01,1.7886232600000000e+09,1.5558323700000000e+08,5.4858916000000000e+07,2.8978540000000000e+07,8.6121000000000000e+05,2.0859976010000000e+09,5.9342140000000000e+06,2.0800633870000000e+09,1.6208406200000000e+08,5.5245000000000000e+05,1.6153161200000000e+08,8.3973333000000000e+07,1.4149292000000000e+07,6.9824041000000000e+07,2.3320549960000000e+09,2.3114190400000000e+09,5.7092438000000000e+07
"MONTVILLE",8.7000000000000000e+01,8.6000000000000000e+01,8.5834294000000000e+08,1.1990850000000000e+08,3.4007930000000000e+07,9.3156000000000000e+06,1.3892388000000000e+07,1.0377872380000000e+09,4.0353300000000000e+06,1.0337519080000000e+09,1.1998830800000000e+08,6.8224340000000000e+06,1.1316587400000000e+08,1.3390840900000000e+08,3.5280783000000000e+07,9.8627626000000000e+07,1.2916839550000000e+09,1.2455454080000000e+09,2.3198800000000000e+06
"MORRIS",8.8000000000000000e+01,8.7000000000000000e+01,2.9368490000000000e+08,1.0619450000000000e+07,1.5806100000000000e+06,0.0000000000000000e+00,0.0000000000000000e+00,3.2619316000000000e+08,4.6000000000000000e+04,3.2614716000000000e+08,1.8436040000000000e+07,8.5590000000000000e+04,1.8350450000000000e+07,6.1291670000000000e+06,2.3796000000000000e+05,5.8912070000000000e+06,3.5075836700000000e+08,3.5038881700000000e+08,2.0308200000000000e+07
"NAUGATUCK",8.9000000000000000e+01,8.8000000000000000e+01,1.0729114600000000e+09,1.3116102000000000e+08,5.4931570000000000e+07,6.2622300000000000e+06,4.2623140000000000e+07,1.3283488700000000e+09,1.1982240000000000e+07,1.3163666300000000e+09,1.7469909000000000e+08,2.4338000000000000e+06,1.7226529000000000e+08,1.2009028000000000e+08,3.1406580000000000e+07,8.8683700000000000e+07,1.6231382400000000e+09,1.5773156200000000e+09,2.0459450000000000e+07
"NEW BRITAIN",9.0000000000000000e+01,8.9000000000000000e+01,1.4428796400000000e+09,2.6756455000000000e+08,9.4797380000000000e+07,4.2259000000000000e+05,2.2890531000000000e+08,2.0453343700000000e+09,1.0298159000000000e+07,2.0350362110000000e+09,2.6987724900000000e+08,1.2882505000000000e+07,2.5699474400000000e+08,2.3384303300000000e+08,8.2599154000000000e+07,1.5124387900000000e+08,2.5490546520000000e+09,2.4432748340000000e+09,1.0764900000000000e+07
"NEW CANAAN",9.1000000000000000e+01,9.0000000000000000e+01,7.1636289430000000e+09,3.7255015000000000e+08,7.0401800000000000e+06,6.0519200000000000e+06,5.8988510000000000e+07,7.7153432330000000e+09,1.4945000000000000e+06,7.7138487330000000e+09,2.5545808300000000e+08,1.5494000000000000e+06,2.5390868300000000e+08,7.0602570000000000e+07,1.8240000000000000e+04,7.0584330000000000e+07,8.0414038860000000e+09,8.0383417460000000e+09,1.0708353000000000e+08
"NEW FAIRFIELD",9.2000000000000000e+01,9.1000000000000000e+01,1.5201359720000000e+09,3.4193600000000000e+07,3.0980000000000000e+06,8.8542000000000000e+05,0.0000000000000000e+00,1.5586672920000000e+09,5.3564000000000000e+06,1.5533108920000000e+09,1.1354730400000000e+08,3.0977000000000000e+05,1.1323753400000000e+08,1.9043554000000000e+07,2.8049000000000000e+05,1.8763064000000000e+07,1.6912581500000000e+09,1.6853114900000000e+09,3.5430000000000000e+05
"NEW HARTFORD",9.3000000000000000e+01,9.2000000000000000e+01,5.1071422000000000e+08,2.5859820000000000e+07,7.1034600000000000e+06,0.0000000000000000e+00,6.9090000000000000e+04,5.7669291500000000e+08,1.8050000000000000e+06,5.7488791500000000e+08,5.6025595000000000e+07,2.0299000000000000e+05,5.5822605000000000e+07,3.1926020000000000e+07,1.1349940000000000e+07,2.0576080000000000e+07,6.6464453000000000e+08,6.5128660000000000e+08,3.2946325000000000e+07
"NEW HAVEN",9.4000000000000000e+01,9.3000000000000000e+01,2.7105980140000000e+09,2.0780981640000000e+09,2.8567266100000000e+08,4.8204660000000000e+07,0.0000000000000000e+00,5.1675497490000000e+09,6.3154870000000000e+07,5.1043948790000000e+09,3.8125953000000000e+08,6.0398600000000000e+06,3.7521967000000000e+08,7.0006773400000000e+08,7.4817024000000000e+07,6.2525071000000000e+08,6.2488770130000000e+09,6.1048652590000000e+09,4.4976250000000000e+07
"NEW LONDON",9.5000000000000000e+01,9.5000000000000000e+01,6.1636776300000000e+08,3.4768104500000000e+08,6.5625000000000000e+06,2.3975000000000000e+05,1.2008437000000000e+08,1.1033231880000000e+09,4.6812662000000000e+07,1.0565105260000000e+09,1.0132588800000000e+08,3.1856300000000000e+06,9.8140258000000000e+07,1.0820179200000000e+08,6.4324900000000000e+06,1.0176930200000000e+08,1.3128508680000000e+09,1.2564200860000000e+09,1.2387760000000000e+07
"NEW MILFORD",9.6000000000000000e+01,9.6000000000000000e+01,2.0363272250000000e+09,2.6396057500000000e+08,9.6634000000000000e+07,1.7290660000000000e+07,1.7176250000000000e+07,2.5735289450000000e+09,4.3425000000000000e+06,2.5691864450000000e+09,2.1265696000000000e+08,1.6482950000000000e+06,2.1100866500000000e+08,1.8181420000000000e+08,6.6267105000000000e+07,1.1554709500000000e+08,2.9680001050000000e+09,2.8957422050000000e+09,1.4214023500000000e+08
"NEWINGTON",9.7000000000000000e+01,9.4000000000000000e+01,1.6287244610000000e+09,3.6658929600000000e+08,1.2252629800000000e+08,0.0000000000000000e+00,6.4381957000000000e+07,2.2048462470000000e+09,8.9029900000000000e+06,2.1959432570000000e+09,2.1874999400000000e+08,2.7235140000000000e+06,2.1602648000000000e+08,2.0534776000000000e+08,6.9274900000000000e+07,1.3607286000000000e+08,2.6289440010000000e+09,2.5480425970000000e+09,2.2624235000000000e+07
"NEWTOWN",9.8000000000000000e+01,9.7000000000000000e+01,2.4122394810000000e+09,1.8617043200000000e+08,5.5822520000000000e+07,0.0000000000000000e+00,3.0451800000000000e+06,2.7289220030000000e+09,1.0997050000000000e+07,2.7179249530000000e+09,2.3156871300000000e+08,1.9712480000000000e+06,2.2959746500000000e+08,1.2597503000000000e+08,2.0455142000000000e+07,1.0551988800000000e+08,3.0864657460000000e+09,3.0530423060000000e+09,7.1644390000000000e+07
"NORFOLK",9.9000000000000000e+01,9.8000000000000000e+01,2.0570894000000000e+08,1.0873490000000000e+07,0.0000000000000000e+00,0.0000000000000000e+00,0.0000000000000000e+00,2.7380051000000000e+08,6.2050000000000000e+05,2.7318001000000000e+08,1.4292040000000000e+07,1.4099000000000000e+05,1.4151050000000000e+07,7.4192500000000000e+06,7.6124000000000000e+05,6.6580100000000000e+06,2.9551180000000000e+08,2.9398907000000000e+08,5.7218080000000000e+07
"NORTH BRANFORD",1.0000000000000000e+02,9.9000000000000000e+01,9.4355047000000000e+08,1.0299538200000000e+08,3.7917800000000000e+07,1.2252700000000000e+06,1.1070140000000000e+07,1.1102755020000000e+09,2.8905000000000000e+06,1.1073850020000000e+09,1.1475981000000000e+08,1.0389300000000000e+06,1.1372088000000000e+08,5.4246405000000000e+07,1.8100650000000000e+07,3.6145755000000000e+07,1.2792817170000000e+09,1.2572516370000000e+09,1.3516440000000000e+07
"NORTH CANAAN",1.0100000000000000e+02,1.0000000000000000e+02,1.5488469000000000e+08,4.6960560000000000e+07,2.7429400000000000e+07,3.8836000000000000e+05,5.9562700000000000e+06,2.6251827000000000e+08,7.5827000000000000e+05,2.6176000000000000e+08,2.3651060000000000e+07,5.3250000000000000e+04,2.3597810000000000e+07,5.7155850000000000e+07,3.1272460000000000e+07,2.5883390000000000e+07,3.4332518000000000e+08,3.1124120000000000e+08,2.6898990000000000e+07
"NORTH HAVEN",1.0200000000000000e+02,1.0100000000000000e+02,1.8215179440000000e+09,3.4292566500000000e+08,2.4881022400000000e+08,2.9888200000000000e+06,3.5609430000000000e+07,2.4609001130000000e+09,9.1954500000000000e+06,2.4517046630000000e+09,2.1644887300000000e+08,7.2106960000000000e+06,2.0923817700000000e+08,2.6933805600000000e+08,1.1683474000000000e+08,1.5250331600000000e+08,2.9466870420000000e+09,2.8134461560000000e+09,9.0480300000000000e+06
"NORTH STONINGTON",1.0300000000000000e+02,1.0200000000000000e+02,3.7328587000000000e+08,4.6382630000000000e+07,6.5796500000000000e+06,8.1186000000000000e+05,0.0000000000000000e+00,4.6024682500000000e+08,3.6942370000000000e+06,4.5655258800000000e+08,4.2760619000000000e+07,5.2185000000000000e+05,4.2238769000000000e+07,3.0548146000000000e+07,1.4977540000000000e+06,2.9050392000000000e+07,5.3355559000000000e+08,5.2784174900000000e+08,3.3186815000000000e+07
"NORWALK",1.0400000000000000e+02,1.0300000000000000e+02,7.5905781070000000e+09,2.2804098640000000e+09,1.4990066000000000e+08,5.1733570000000000e+07,3.6969192000000000e+08,1.0590447086000000e+10,3.2340918000000000e+07,1.0558106168000000e+10,6.0497047500000000e+08,1.3361513000000000e+07,5.9160896200000000e+08,7.4481615700000000e+08,3.3790544000000000e+07,7.1102561300000000e+08,1.1940233718000000e+10,1.1860740743000000e+10,1.4813296500000000e+08
"NORWICH",1.0500000000000000e+02,1.0400000000000000e+02,1.0156861000000000e+09,3.0315242000000000e+08,4.2460700000000000e+07,1.9277000000000000e+06,8.6841600000000000e+07,1.4959144200000000e+09,1.3868180000000000e+07,1.4820462400000000e+09,1.9956995000000000e+08,6.2308000000000000e+06,1.9333915000000000e+08,1.3828420000000000e+08,1.8018170000000000e+07,1.2026603000000000e+08,1.8337685700000000e+09,1.7956514200000000e+09,4.5845900000000000e+07
"OLD LYME",1.0600000000000000e+02,1.0500000000000000e+02,1.4153176810000000e+09,5.6221669000000000e+07,1.0963800000000000e+07,5.3570000000000000e+05,3.8786550000000000e+06,1.5168189850000000e+09,3.9447000000000000e+06,1.5128742850000000e+09,7.0444830000000000e+07,4.2042000000000000e+05,7.0024410000000000e+07,3.1636576000000000e+07,2.1190000000000000e+05,3.1424676000000000e+07,1.6189003910000000e+09,1.6143233710000000e+09,2.9901480000000000e+07
"OLD SAYBROOK",1.0700000000000000e+02,1.0600000000000000e+02,1.7040915000000000e+09,2.6384240000000000e+08,2.4523700000000000e+07,2.9839000000000000e+06,2.5540000000000000e+06,2.0397171000000000e+09,1.2143300000000000e+07,2.0275738000000000e+09,9.3246770000000000e+07,3.6384000000000000e+05,9.2882930000000000e+07,6.3595658000000000e+07,4.4247500000000000e+06,5.9170908000000000e+07,2.1965595280000000e+09,2.1796276380000000e+09,4.1721600000000000e+07
"ORANGE",1.0800000000000000e+02,1.0700000000000000e+02,1.2192678100000000e+09,3.0534996000000000e+08,8.9692990000000000e+07,4.1670000000000000e+05,1.4458620000000000e+07,1.6673595300000000e+09,4.8135500000000000e+06,1.6625459800000000e+09,1.3113424000000000e+08,9.6778000000000000e+05,1.3016646000000000e+08,1.2848235800000000e+08,9.4544700000000000e+06,1.1902788800000000e+08,1.9269761280000000e+09,1.9117403280000000e+09,3.8173450000000000e+07
"OXFORD",1.0900000000000000e+02,1.0800000000000000e+02,1.0944180550000000e+09,3.4383300000000000e+07,5.8211700000000000e+07,0.0000000000000000e+00,5.5540000000000000e+05,1.2307361550000000e+09,3.8160000000000000e+06,1.2269201550000000e+09,1.1192314000000000e+08,4.9988000000000000e+05,1.1142326000000000e+08,1.0006522000000000e+08,1.2119830000000000e+07,8.7945390000000000e+07,1.4427245150000000e+09,1.4262888050000000e+09,4.3167700000000000e+07
"PLAINFIELD",1.1000000000000000e+02,1.0900000000000000e+02,5.1525542000000000e+08,7.9122290000000000e+07,9.6629120000000000e+07,1.6162800000000000e+06,1.6420960000000000e+07,7.3525579000000000e+08,2.3997540000000000e+07,7.1125825000000000e+08,8.6169610000000000e+07,1.3038600000000000e+06,8.4865750000000000e+07,1.4940613000000000e+08,3.8614840000000000e+07,1.1079129000000000e+08,9.7083153000000000e+08,9.0691529000000000e+08,2.6211720000000000e+07
"PLAINVILLE",1.1100000000000000e+02,1.1000000000000000e+02,8.1286605400000000e+08,1.8254062000000000e+08,9.7041150000000000e+07,1.4103100000000000e+06,2.6411000000000000e+07,1.1431698040000000e+09,5.9867500000000000e+06,1.1371830540000000e+09,1.3959412500000000e+08,3.4832390000000000e+06,1.3611088600000000e+08,1.0840385000000000e+08,2.7946340000000000e+07,8.0457510000000000e+07,1.3911677790000000e+09,1.3537514500000000e+09,2.2900670000000000e+07
"PLYMOUTH",1.1200000000000000e+02,1.1100000000000000e+02,5.5703454100000000e+08,3.1690700000000000e+07,2.2241290000000000e+07,0.0000000000000000e+00,4.6677000000000000e+06,6.5476498100000000e+08,2.4795000000000000e+06,6.5228548100000000e+08,8.4366870000000000e+07,3.2171000000000000e+05,8.4045160000000000e+07,2.9526257000000000e+07,4.9599600000000000e+06,2.4566297000000000e+07,7.6865810800000000e+08,7.6089693800000000e+08,3.9130750000000000e+07
"POMFRET",1.1300000000000000e+02,1.1200000000000000e+02,2.7950664000000000e+08,1.5376100000000000e+07,8.4898000000000000e+06,1.6301000000000000e+06,1.9817000000000000e+06,3.1898123000000000e+08,1.4890000000000000e+06,3.1749223000000000e+08,3.1186768000000000e+07,9.4606000000000000e+05,3.0240708000000000e+07,1.6094465000000000e+07,3.5487120000000000e+06,1.2545753000000000e+07,3.6626246300000000e+08,3.6027869100000000e+08,1.1996890000000000e+07
"PORTLAND",1.1400000000000000e+02,1.1300000000000000e+02,5.9351541600000000e+08,6.1133958000000000e+07,1.4642088000000000e+07,3.6098000000000000e+05,1.2411700000000000e+06,6.9941085200000000e+08,2.2076000000000000e+06,6.9720325200000000e+08,7.1272692000000000e+07,6.4451000000000000e+05,7.0628182000000000e+07,3.8848280000000000e+07,4.7408300000000000e+06,3.4107450000000000e+07,8.0953182400000000e+08,8.0193888400000000e+08,2.8517240000000000e+07
"PRESTON",1.1500000000000000e+02,1.1400000000000000e+02,2.8926342000000000e+08,2.3868800000000000e+07,2.1033000000000000e+06,5.7240000000000000e+05,5.1580000000000000e+05,3.3336027900000000e+08,1.2474700000000000e+06,3.3211280900000000e+08,3.6260727000000000e+07,1.4139000000000000e+05,3.6119337000000000e+07,2.4941497000000000e+07,9.8115800000000000e+05,2.3960339000000000e+07,3.9456250300000000e+08,3.9219248500000000e+08,1.7036559000000000e+07
"PROSPECT",1.1600000000000000e+02,1.1500000000000000e+02,6.4158672000000000e+08,4.8749880000000000e+07,9.1536400000000000e+06,0.0000000000000000e+00,7.1500000000000000e+05,7.0863963000000000e+08,4.1214600000000000e+06,7.0451817000000000e+08,7.7772185000000000e+07,6.7220500000000000e+05,7.7099980000000000e+07,3.5358238000000000e+07,4.3046800000000000e+06,3.1053558000000000e+07,8.2177005300000000e+08,8.1267170800000000e+08,8.4343900000000000e+06
"PUTNAM",1.1700000000000000e+02,1.1600000000000000e+02,3.6505822400000000e+08,1.0660977000000000e+08,4.0034470000000000e+07,3.2930000000000000e+05,1.0035430000000000e+07,5.3872319400000000e+08,1.7594500000000000e+06,5.3696374400000000e+08,5.4890550000000000e+07,1.5224800000000000e+06,5.3368070000000000e+07,7.1408211000000000e+07,2.1475320000000000e+07,4.9932891000000000e+07,6.6502195500000000e+08,6.4026470500000000e+08,1.6656000000000000e+07
"REDDING",1.1800000000000000e+02,1.1700000000000000e+02,1.3025816500000000e+09,1.1995810000000000e+08,2.6680000000000000e+06,4.3954500000000000e+06,0.0000000000000000e+00,1.4668024380000000e+09,5.6350000000000000e+05,1.4662389380000000e+09,9.0749177000000000e+07,7.2595000000000000e+04,9.0676582000000000e+07,7.1390674000000000e+07,2.0989900000000000e+05,7.1180775000000000e+07,1.6289422890000000e+09,1.6280962950000000e+09,3.7199238000000000e+07
"RIDGEFIELD",1.1900000000000000e+02,1.1800000000000000e+02,3.8158793070000000e+09,4.9289706600000000e+08,1.0576590000000000e+07,3.6491000000000000e+05,1.2690010000000000e+07,4.3819228960000000e+09,2.5850300000000000e+07,4.3560725960000000e+09,2.4229651200000000e+08,3.6622200000000000e+05,2.4193029000000000e+08,1.5295996500000000e+08,5.0573718000000000e+07,1.0238624700000000e+08,4.7771793730000000e+09,4.7003891330000000e+09,4.9515013000000000e+07
"ROCKY HILL",1.2000000000000000e+02,1.1900000000000000e+02,1.1540104500000000e+09,3.3957663000000000e+08,1.1167226000000000e+08,5.5096300000000000e+06,1.1368210000000000e+08,1.7285806100000000e+09,3.3715000000000000e+06,1.7252091100000000e+09,1.5971179000000000e+08,4.2080200000000000e+06,1.5550377000000000e+08,1.1760550000000000e+08,9.8160200000000000e+06,1.0778948000000000e+08,2.0058979000000000e+09,1.9885023600000000e+09,4.1295400000000000e+06
"ROXBURY",1.2100000000000000e+02,1.2000000000000000e+02,6.0759542000000000e+08,2.4664000000000000e+06,0.0000000000000000e+00,0.0000000000000000e+00,0.0000000000000000e+00,6.6099181000000000e+08,4.4800000000000000e+05,6.6054381000000000e+08,2.7274500000000000e+07,2.5400000000000000e+04,2.7249100000000000e+07,7.1254900000000000e+06,3.7350000000000000e+05,6.7519900000000000e+06,6.9539180000000000e+08,6.9454490000000000e+08,5.0929990000000000e+07
"SALEM",1.2200000000000000e+02,1.2100000000000000e+02,2.8826157000000000e+08,1.7560100000000000e+07,1.2299000000000000e+06,0.0000000000000000e+00,0.0000000000000000e+00,3.2049935000000000e+08,1.5369000000000000e+06,3.1896245000000000e+08,3.2991015000000000e+07,1.4146810000000000e+06,3.1576334000000000e+07,1.2602907000000000e+07,9.6611200000000000e+05,1.1636795000000000e+07,3.6609327200000000e+08,3.6217557900000000e+08,1.3447780000000000e+07
"SALISBURY",1.2300000000000000e+02,1.2200000000000000e+02,8.1332456000000000e+08,5.0946500000000000e+07,1.0459000000000000e+06,0.0000000000000000e+00,0.0000000000000000e+00,1.1155030000000000e+09,9.3100000000000000e+05,1.1145720000000000e+09,3.5550200000000000e+07,1.4012000000000000e+05,3.5410080000000000e+07,2.0936800000000000e+07,2.3843400000000000e+06,1.8552460000000000e+07,1.1719900000000000e+09,1.1685345400000000e+09,2.5018604000000000e+08
"SCOTLAND",1.2400000000000000e+02,1.2300000000000000e+02,9.3172410000000000e+07,3.2274000000000000e+05,1.0412600000000000e+06,1.4435000000000000e+05,0.0000000000000000e+00,9.8749760000000000e+07,4.8777000000000000e+05,9.8261990000000000e+07,1.1690360000000000e+07,1.4240000000000000e+05,1.1547960000000000e+07,3.5275500000000000e+06,4.1264000000000000e+05,3.1149100000000000e+06,1.1396767000000000e+08,1.1292486000000000e+08,4.0690000000000000e+06
"SEYMOUR",1.2500000000000000e+02,1.2400000000000000e+02,9.1978320000000000e+08,7.1877610000000000e+07,3.6928920000000000e+07,1.7135300000000000e+06,1.4220780000000000e+07,1.0663015600000000e+09,4.2821500000000000e+06,1.0620194100000000e+09,1.1031970000000000e+08,7.2269000000000000e+05,1.0959701000000000e+08,6.8930160000000000e+07,1.9386760000000000e+07,4.9543400000000000e+07,1.2455514200000000e+09,1.2211598200000000e+09,2.1777520000000000e+07
"SHARON",1.2600000000000000e+02,1.2500000000000000e+02,5.9039050000000000e+08,4.2543200000000000e+07,0.0000000000000000e+00,2.1000000000000000e+03,0.0000000000000000e+00,6.8100807000000000e+08,1.9405000000000000e+06,6.7906757000000000e+08,2.4780861000000000e+07,6.9170000000000000e+04,2.4711691000000000e+07,1.7378485000000000e+07,6.4719000000000000e+05,1.6731295000000000e+07,7.2316741600000000e+08,7.2051055600000000e+08,4.8072270000000000e+07
"SHELTON",1.2700000000000000e+02,1.2600000000000000e+02,2.9578418400000000e+09,6.5857957000000000e+08,1.5954351000000000e+08,2.8058800000000000e+07,5.7926400000000000e+07,3.8737629100000000e+09,8.3173300000000000e+06,3.8654455800000000e+09,3.1256883000000000e+08,1.4636200000000000e+06,3.1110521000000000e+08,3.8228965000000000e+08,4.4368950000000000e+07,3.3792070000000000e+08,4.5686213900000000e+09,4.5144714900000000e+09,1.1812790000000000e+07
"SHERMAN",1.2800000000000000e+02,1.2700000000000000e+02,6.1261090000000000e+08,1.5041000000000000e+06,0.0000000000000000e+00,1.4391000000000000e+06,1.6462000000000000e+06,6.2723830000000000e+08,2.6840910000000000e+06,6.2455420900000000e+08,3.4548179000000000e+07,4.4410000000000000e+04,3.4503769000000000e+07,8.7663800000000000e+06,2.7261100000000000e+05,8.4937690000000000e+06,6.7055285900000000e+08,6.6755174700000000e+08,1.0038000000000000e+07
"SIMSBURY",1.2900000000000000e+02,1.2800000000000000e+02,1.6843126500000000e+09,2.4495147000000000e+08,1.4230290000000000e+07,9.4260000000000000e+04,2.8787040000000000e+07,1.9890127900000000e+09,4.5188330000000000e+06,1.9844939570000000e+09,1.8265234000000000e+08,3.3234500000000000e+05,1.8231999500000000e+08,9.5749041000000000e+07,1.0937718000000000e+07,8.4811323000000000e+07,2.2674141710000000e+09,2.2516252750000000e+09,1.6637080000000000e+07
"SOMERS",1.3000000000000000e+02,1.2900000000000000e+02,6.8077777000000000e+08,3.2141470000000000e+07,9.4046000000000000e+06,0.0000000000000000e+00,1.1043000000000000e+06,7.4766832000000000e+08,5.3513300000000000e+06,7.4231699000000000e+08,7.8372110000000000e+07,4.8518000000000000e+05,7.7886930000000000e+07,3.4638870000000000e+07,3.1146210000000000e+06,3.1524249000000000e+07,8.6067930000000000e+08,8.5172816900000000e+08,2.4240180000000000e+07
"SOUTH WINDSOR",1.3100000000000000e+02,1.3200000000000000e+02,1.6407284400000000e+09,2.0685610000000000e+08,2.3267375100000000e+08,0.0000000000000000e+00,0.0000000000000000e+00,2.1202078610000000e+09,4.0171730000000000e+07,2.0800361310000000e+09,2.1642036000000000e+08,5.8630550000000000e+06,2.1055730500000000e+08,2.8726314000000000e+08,7.2151674000000000e+07,2.1511146600000000e+08,2.6238913610000000e+09,2.5057049020000000e+09,3.9949570000000000e+07
"SOUTHBURY",1.3200000000000000e+02,1.3000000000000000e+02,1.4997771660000000e+09,2.7968670800000000e+08,8.6954000000000000e+06,0.0000000000000000e+00,2.5200670000000000e+07,1.8508953640000000e+09,6.3515500000000000e+06,1.8445438140000000e+09,1.5425330000000000e+08,4.6337000000000000e+05,1.5378993000000000e+08,1.0250276700000000e+08,1.0007150000000000e+06,1.0150205200000000e+08,2.1076514310000000e+09,2.0998357960000000e+09,3.7535420000000000e+07
"SOUTHINGTON",1.3300000000000000e+02,1.3100000000000000e+02,2.7034417660000000e+09,4.1545386000000000e+08,7.1542660000000000e+07,3.7653100000000000e+06,2.6881710000000000e+07,3.2772215970000000e+09,3.2587841000000000e+07,3.2446337560000000e+09,3.6233212800000000e+08,9.0768040000000000e+06,3.5325532400000000e+08,2.3243290900000000e+08,5.6544823000000000e+07,1.7588808600000000e+08,3.8719866340000000e+09,3.7737771660000000e+09,5.6136291000000000e+07
"SPRAGUE",1.3400000000000000e+02,1.3300000000000000e+02,1.1132261000000000e+08,4.7489100000000000e+06,1.1088180000000000e+07,1.8726000000000000e+05,1.7973900000000000e+06,1.3938873000000000e+08,1.4423800000000000e+06,1.3794635000000000e+08,1.8903100000000000e+07,1.5094000000000000e+05,1.8752160000000000e+07,2.0936210000000000e+07,1.2175650000000000e+07,8.7605600000000000e+06,1.7922804000000000e+08,1.6545907000000000e+08,1.0244380000000000e+07
"STAFFORD",1.3500000000000000e+02,1.3400000000000000e+02,5.6371230000000000e+08,3.5413095000000000e+07,2.4320100000000000e+07,0.0000000000000000e+00,8.1146740000000000e+06,6.5524684900000000e+08,7.3489600000000000e+06,6.4789788900000000e+08,8.2751570000000000e+07,1.4684010000000000e+06,8.1283169000000000e+07,7.5730100000000000e+07,3.9574110000000000e+07,3.6155990000000000e+07,8.1372851900000000e+08,7.6533704800000000e+08,2.3686680000000000e+07
"STAMFORD",1.3600000000000000e+02,1.3500000000000000e+02,1.0779874741000000e+10,4.7335850140000000e+09,5.3296837700000000e+08,4.5252410000000000e+07,1.1538952930000000e+09,1.7246355155000000e+10,1.8797360000000000e+08,1.7058381555000000e+10,8.7456979000000000e+08,2.8655510000000000e+06,8.7170423900000000e+08,1.2078160130000000e+09,1.4816158000000000e+08,1.0596544330000000e+09,1.9328740958000000e+10,1.8989740227000000e+10,7.7932000000000000e+05
"STERLING",1.3700000000000000e+02,1.3600000000000000e+02,1.4885229000000000e+08,9.1333600000000000e+06,3.2437500000000000e+06,0.0000000000000000e+00,1.0855400000000000e+06,1.8565123000000000e+08,7.8580800000000000e+05,1.8486542200000000e+08,2.4534858000000000e+07,1.6303000000000000e+05,2.4371828000000000e+07,2.2433400000000000e+07,7.5205300000000000e+06,1.4912870000000000e+07,2.3261948800000000e+08,2.2415012000000000e+08,2.3336290000000000e+07
"STONINGTON",1.3800000000000000e+02,1.3700000000000000e+02,1.9185558100000000e+09,3.4121892100000000e+08,2.8196000000000000e+07,8.1151000000000000e+06,1.4277830000000000e+07,2.3839547910000000e+09,1.1357030000000000e+07,2.3725977610000000e+09,1.3540043000000000e+08,1.6183800000000000e+06,1.3378205000000000e+08,1.0501025100000000e+08,1.1300209000000000e+07,9.3710042000000000e+07,2.6243654720000000e+09,2.6000898530000000e+09,7.3591130000000000e+07
"STRATFORD",1.3900000000000000e+02,1.3800000000000000e+02,3.1666106610000000e+09,4.1018792500000000e+08,3.1546406300000000e+08,2.2130500000000000e+06,4.4646910000000000e+07,4.0062348190000000e+09,2.6165230000000000e+07,3.9800695890000000e+09,3.2274059000000000e+08,1.9770900000000000e+06,3.2076350000000000e+08,4.7002548500000000e+08,2.1262579000000000e+08,2.5739969500000000e+08,4.7990008940000000e+09,4.5582327840000000e+09,6.7112210000000000e+07
"SUFFIELD",1.4000000000000000e+02,1.3900000000000000e+02,1.0596271810000000e+09,5.1244560000000000e+07,4.4959530000000000e+07,2.6986400000000000e+06,5.2637200000000000e+06,1.1757799510000000e+09,2.8719100000000000e+06,1.1729080410000000e+09,1.1089210000000000e+08,6.7433000000000000e+05,1.1021777000000000e+08,7.8911470000000000e+07,1.8846740000000000e+07,6.0064730000000000e+07,1.3655835210000000e+09,1.3431905410000000e+09,1.1986320000000000e+07
"THOMASTON",1.4100000000000000e+02,1.4000000000000000e+02,3.4926903400000000e+08,3.4681015000000000e+07,2.8254617000000000e+07,7.2880000000000000e+05,6.5484900000000000e+06,4.3926655600000000e+08,2.2232570000000000e+06,4.3704329900000000e+08,5.5638245000000000e+07,7.4785000000000000e+05,5.4890395000000000e+07,5.6964140000000000e+07,2.5841027000000000e+07,3.1123113000000000e+07,5.5186894100000000e+08,5.2305680700000000e+08,1.9784600000000000e+07
"THOMPSON",1.4200000000000000e+02,1.4100000000000000e+02,4.8707095000000000e+08,2.2053000000000000e+07,8.1077000000000000e+06,1.7360000000000000e+05,2.3832000000000000e+06,5.4160640000000000e+08,7.3665900000000000e+06,5.3423981000000000e+08,6.4925477000000000e+07,5.8247000000000000e+05,6.4343007000000000e+07,2.5525369000000000e+07,9.0512100000000000e+06,1.6474159000000000e+07,6.3205724600000000e+08,6.1505697600000000e+08,2.1817950000000000e+07
"TOLLAND",1.4300000000000000e+02,1.4200000000000000e+02,1.0627281500000000e+09,6.3395700000000000e+07,1.9160900000000000e+07,6.4631000000000000e+05,5.9010000000000000e+06,1.1575553400000000e+09,3.9957700000000000e+06,1.1535595700000000e+09,1.2182933400000000e+08,1.5128500000000000e+06,1.2031648400000000e+08,3.3102020000000000e+07,6.0584480000000000e+06,2.7043572000000000e+07,1.3124866940000000e+09,1.3009196260000000e+09,5.7232800000000000e+06
"TORRINGTON",1.4400000000000000e+02,1.4300000000000000e+02,1.5769527400000000e+09,3.3204378000000000e+08,5.9613610000000000e+07,6.1738000000000000e+05,2.8595540000000000e+07,2.0386909000000000e+09,2.4232930000000000e+07,2.0144579700000000e+09,2.1565998600000000e+08,3.8911310000000000e+06,2.1176885500000000e+08,1.8428732000000000e+08,3.6725660000000000e+07,1.4756166000000000e+08,2.4386382060000000e+09,2.3737884850000000e+09,4.0867850000000000e+07
"TRUMBULL",1.4500000000000000e+02,1.4400000000000000e+02,3.1277123000000000e+09,6.0064460000000000e+08,2.2295090000000000e+08,4.5306000000000000e+06,2.3086300000000000e+07,4.0073251000000000e+09,9.0128000000000000e+06,3.9983123000000000e+09,2.7591144500000000e+08,5.4962300000000000e+06,2.7041521500000000e+08,2.7519839300000000e+08,2.6366480000000000e+07,2.4883191300000000e+08,4.5584349380000000e+09,4.5175594280000000e+09,2.8400400000000000e+07
"UNION",1.4600000000000000e+02,1.4500000000000000e+02,6.7995860000000000e+07,2.1890200000000000e+06,3.3884000000000000e+05,3.0909300000000000e+06,0.0000000000000000e+00,7.8575830000000000e+07,3.1650000000000000e+05,7.8259330000000000e+07,7.8361200000000000e+06,1.2190000000000000e+04,7.8239300000000000e+06,3.8965830000000000e+06,1.2566000000000000e+05,3.7709230000000000e+06,9.0308533000000000e+07,8.9854183000000000e+07,4.9611800000000000e+06
"VERNON",1.4700000000000000e+02,1.4600000000000000e+02,1.1379494100000000e+09,2.0768333200000000e+08,1.8318300000000000e+07,1.3270500000000000e+06,1.3725424000000000e+08,1.5097340570000000e+09,6.3271300000000000e+06,1.5034069270000000e+09,1.8464707100000000e+08,1.6960200000000000e+06,1.8295105100000000e+08,8.5341201000000000e+07,9.6482930000000000e+06,7.5692908000000000e+07,1.7797223290000000e+09,1.7620508860000000e+09,7.2017250000000000e+06
"VOLUNTOWN",1.4800000000000000e+02,1.4700000000000000e+02,1.6144087400000000e+08,6.2123500000000000e+06,2.5776300000000000e+06,2.0861000000000000e+05,3.9740000000000000e+04,1.7718055700000000e+08,1.1453400000000000e+06,1.7603521700000000e+08,1.8312950000000000e+07,7.6140000000000000e+04,1.8236810000000000e+07,7.1746250000000000e+06,7.6481000000000000e+05,6.4098150000000000e+06,2.0266813200000000e+08,2.0068184200000000e+08,6.7013530000000000e+06
"WALLINGFORD",1.4900000000000000e+02,1.4800000000000000e+02,2.7176642800000000e+09,5.0846302000000000e+08,3.0674689000000000e+08,1.3648500000000000e+07,2.4172800000000000e+07,3.6038916200000000e+09,2.2521820000000000e+07,3.5813698000000000e+09,3.4082842100000000e+08,5.3777900000000000e+06,3.3545063100000000e+08,4.9988499400000000e+08,1.6612326000000000e+08,3.3376173400000000e+08,4.4446050350000000e+09,4.2505821650000000e+09,3.3196130000000000e+07
"WARREN",1.5000000000000000e+02,1.4900000000000000e+02,2.1415881000000000e+08,5.2529400000000000e+06,0.0000000000000000e+00,0.0000000000000000e+00,0.0000000000000000e+00,3.2988515000000000e+08,6.4400000000000000e+05,3.2924115000000000e+08,1.3575360000000000e+07,4.5120000000000000e+04,1.3530240000000000e+07,3.9794200000000000e+06,2.0066000000000000e+05,3.7787600000000000e+06,3.4743993000000000e+08,3.4655015000000000e+08,1.1047340000000000e+08
"WASHINGTON",1.5100000000000000e+02,1.5000000000000000e+02,8.1020399000000000e+08,4.4384870000000000e+07,3.7050000000000000e+05,0.0000000000000000e+00,0.0000000000000000e+00,1.0391074400000000e+09,9.1007000000000000e+05,1.0381973700000000e+09,3.7919310000000000e+07,7.5616700000000000e+05,3.7163143000000000e+07,1.9961650000000000e+07,5.1238000000000000e+05,1.9449270000000000e+07,1.0969884000000000e+09,1.0948097830000000e+09,1.8414808000000000e+08
"WATERBURY",1.5200000000000000e+02,1.5100000000000000e+02,2.0798600260000000e+09,8.1851201100000000e+08,1.0206829400000000e+08,6.3843493000000000e+07,2.1015524400000000e+08,3.3261936990000000e+09,2.9771800000000000e+07,3.2964218990000000e+09,4.0120783700000000e+08,8.0766140000000000e+06,3.9313122300000000e+08,4.6234107800000000e+08,1.4037231000000000e+08,3.2196876800000000e+08,4.1897426140000000e+09,4.0115218900000000e+09,5.1754631000000000e+07
"WATERFORD",1.5300000000000000e+02,1.5200000000000000e+02,1.4000814200000000e+09,8.0921974000000000e+08,4.7001730000000000e+07,0.0000000000000000e+00,5.8776000000000000e+06,2.3096936000000000e+09,3.6264055000000000e+07,2.2734295450000000e+09,1.4908217000000000e+08,2.2989600000000000e+06,1.4678321000000000e+08,8.0351671000000000e+08,2.6307537000000000e+07,7.7720917300000000e+08,3.2622924800000000e+09,3.1974219280000000e+09,4.7513110000000000e+07
"WATERTOWN",1.5400000000000000e+02,1.5300000000000000e+02,1.2286928300000000e+09,1.1480921000000000e+08,1.0482538000000000e+08,1.4017100000000000e+06,1.2152800000000000e+07,1.4623333300000000e+09,7.4945720000000000e+06,1.4548387580000000e+09,1.7765833600000000e+08,1.3314950000000000e+06,1.7632684100000000e+08,1.3346893000000000e+08,4.6446292000000000e+07,8.7022638000000000e+07,1.7734605960000000e+09,1.7181882370000000e+09,4.5140000000000000e+05
"WEST HARTFORD",1.5500000000000000e+02,1.5500000000000000e+02,4.4016381350000000e+09,7.6334656800000000e+08,8.0850230000000000e+07,5.1571800000000000e+06,8.2457411000000000e+07,5.3611579440000000e+09,1.9956304000000000e+07,5.3412016400000000e+09,4.1582905500000000e+08,4.4837460000000000e+06,4.1134530900000000e+08,2.1280615000000000e+08,4.0691250000000000e+07,1.7211490000000000e+08,5.9897931490000000e+09,5.9246618490000000e+09,2.7708420000000000e+07
"WEST HAVEN",1.5600000000000000e+02,1.5600000000000000e+02,1.9976196480000000e+09,2.9204372400000000e+08,7.4596284000000000e+07,8.1162200000000000e+06,1.1292274700000000e+08,2.5061848230000000e+09,2.3616443000000000e+07,2.4825683800000000e+09,2.5583173800000000e+08,1.0589270000000000e+07,2.4524246800000000e+08,1.0534756900000000e+08,1.4267420000000000e+07,9.1080149000000000e+07,2.8673641300000000e+09,2.8188909970000000e+09,2.0886200000000000e+07
"WESTBROOK",1.5700000000000000e+02,1.5400000000000000e+02,8.6804914800000000e+08,1.1295783000000000e+08,3.0079120000000000e+07,0.0000000000000000e+00,6.0211500000000000e+06,1.0613160080000000e+09,4.1610200000000000e+06,1.0571549880000000e+09,5.4650903000000000e+07,7.4194000000000000e+05,5.3908963000000000e+07,6.7749440000000000e+07,3.1761170000000000e+07,3.5988270000000000e+07,1.1837163510000000e+09,1.1470522210000000e+09,4.4208760000000000e+07
"WESTON",1.5800000000000000e+02,1.5700000000000000e+02,2.1636332000000000e+09,2.3510200000000000e+07,0.0000000000000000e+00,3.3600000000000000e+06,0.0000000000000000e+00,2.1905734200000000e+09,1.3228800000000000e+06,2.1892505400000000e+09,1.1724327800000000e+08,0.0000000000000000e+00,1.1724327800000000e+08,2.1550534000000000e+07,1.1300000000000000e+04,2.1539234000000000e+07,2.3293672320000000e+09,2.3280330520000000e+09,7.0020000000000000e+04
"WESTPORT",1.5900000000000000e+02,1.5800000000000000e+02,8.0062924570000000e+09,1.1550555600000000e+09,8.4246000000000000e+06,7.7279000000000000e+06,1.0107780000000000e+07,9.3300577720000000e+09,8.1400000000000000e+06,9.3219177720000000e+09,3.2011149400000000e+08,5.0868000000000000e+05,3.1960281400000000e+08,2.9701304000000000e+08,3.3741000000000000e+05,2.9667563000000000e+08,9.9471823060000000e+09,9.9381962160000000e+09,1.4244947500000000e+08
"WETHERSFIELD",1.6000000000000000e+02,1.5900000000000000e+02,1.6774569800000000e+09,2.0801687000000000e+08,1.8642800000000000e+07,4.0485000000000000e+06,6.1965600000000000e+07,1.9709278500000000e+09,9.8075200000000000e+06,1.9611203300000000e+09,1.7922394400000000e+08,2.7032600000000000e+06,1.7652068400000000e+08,7.1259320000000000e+07,3.0870100000000000e+06,6.8172310000000000e+07,2.2214111140000000e+09,2.2058133240000000e+09,7.9710000000000000e+05
"WILLINGTON",1.6100000000000000e+02,1.6000000000000000e+02,2.9526893000000000e+08,4.1159400000000000e+07,3.8455900000000000e+06,8.4389000000000000e+05,2.2737750000000000e+07,3.7711377000000000e+08,4.7375000000000000e+05,3.7664002000000000e+08,4.2473795000000000e+07,7.3200000000000000e+04,4.2400595000000000e+07,1.6418889000000000e+07,1.6697000000000000e+06,1.4749189000000000e+07,4.3600645400000000e+08,4.3378980400000000e+08,1.3258210000000000e+07
"WILTON",1.6200000000000000e+02,1.6100000000000000e+02,3.2075991900000000e+09,5.8484867000000000e+08,0.0000000000000000e+00,1.9966520000000000e+07,2.0658120000000000e+07,3.8689690700000000e+09,1.3745000000000000e+06,3.8675945700000000e+09,1.9804113000000000e+08,1.1461200000000000e+06,1.9689501000000000e+08,2.4734374000000000e+08,4.6201270000000000e+07,2.0114247000000000e+08,4.3143539400000000e+09,4.2656320500000000e+09,3.5896570000000000e+07
"WINCHESTER",1.6300000000000000e+02,1.6200000000000000e+02,4.9408229000000000e+08,5.3529260000000000e+07,1.5457960000000000e+07,3.3600000000000000e+04,1.5450680000000000e+07,5.9588599000000000e+08,2.5719920000000000e+06,5.9331399800000000e+08,6.7187203000000000e+07,7.1681100000000000e+05,6.6470392000000000e+07,5.0790611000000000e+07,1.9627830000000000e+07,3.1162781000000000e+07,7.1386380400000000e+08,6.9094717100000000e+08,1.7332200000000000e+07
"WINDHAM",1.6400000000000000e+02,1.6300000000000000e+02,4.5199672000000000e+08,1.3635843500000000e+08,3.6042680000000000e+07,1.4387900000000000e+06,5.9668560000000000e+07,7.1275190500000000e+08,1.0102000000000000e+07,7.0264990500000000e+08,9.5396486000000000e+07,4.0550900000000000e+06,9.1341396000000000e+07,9.9696760000000000e+07,3.2458540000000000e+07,6.7238220000000000e+07,9.0784515100000000e+08,8.6122952100000000e+08,2.7246720000000000e+07
"WINDSOR",1.6500000000000000e+02,1.6400000000000000e+02,1.4198371260000000e+09,4.3580980700000000e+08,3.7567905500000000e+08,2.3179800000000000e+06,1.6605260000000000e+07,2.2801294980000000e+09,1.1635865200000000e+08,2.1637708460000000e+09,2.0287457000000000e+08,1.9401900000000000e+06,2.0093438000000000e+08,5.3193914900000000e+08,6.5482159000000000e+07,4.6645699000000000e+08,3.0149432170000000e+09,2.8311622160000000e+09,2.9880270000000000e+07
"WINDSOR LOCKS",1.6600000000000000e+02,1.6500000000000000e+02,5.6118609000000000e+08,1.3458980000000000e+08,1.5226910000000000e+08,0.0000000000000000e+00,1.2232900000000000e+07,8.7904343000000000e+08,3.6793000000000000e+06,8.7536413000000000e+08,2.0693666800000000e+08,1.8083740000000000e+06,2.0512829400000000e+08,2.7884419000000000e+08,1.4098959300000000e+08,1.3785459700000000e+08,1.3648242880000000e+09,1.2183470210000000e+09,1.8765540000000000e+07
"WOLCOTT",1.6700000000000000e+02,1.6600000000000000e+02,1.0075463700000000e+09,4.4578440000000000e+07,3.0303260000000000e+07,3.0681800000000000e+06,6.1520300000000000e+06,1.1186362000000000e+09,5.7535000000000000e+06,1.1128827000000000e+09,1.2767764500000000e+08,1.2590900000000000e+06,1.2641855500000000e+08,4.2236120000000000e+07,1.6214510000000000e+07,2.6021610000000000e+07,1.2885499650000000e+09,1.2653228650000000e+09,2.6987920000000000e+07
"WOODBRIDGE",1.6800000000000000e+02,1.6700000000000000e+02,9.7681995000000000e+08,6.2130670000000000e+07,1.5556380000000000e+07,5.3158000000000000e+05,9.2708000000000000e+05,1.0720487000000000e+09,1.8715000000000000e+06,1.0701772000000000e+09,8.3474540000000000e+07,3.5557000000000000e+05,8.3118970000000000e+07,5.0791810000000000e+07,1.6368300000000000e+06,4.9154980000000000e+07,1.2063150500000000e+09,1.2024511500000000e+09,1.6083040000000000e+07
"WOODBURY",1.6900000000000000e+02,1.6800000000000000e+02,8.9393135000000000e+08,8.6555190000000000e+07,1.7095200000000000e+06,3.8370000000000000e+04,1.3013910000000000e+07,1.0206787400000000e+09,1.1172900000000000e+06,1.0195614500000000e+09,8.4913238000000000e+07,7.1629700000000000e+05,8.4196941000000000e+07,2.7831207000000000e+07,4.4981800000000000e+06,2.3333027000000000e+07,1.1334231850000000e+09,1.1270914180000000e+09,2.5430400000000000e+07
"WOODSTOCK",1.7000000000000000e+02,1.6900000000000000e+02,5.4724265300000000e+08,2.3471010000000000e+07,8.5995200000000000e+06,0.0000000000000000e+00,0.0000000000000000e+00,6.0003757300000000e+08,7.2695730000000000e+06,5.9276800000000000e+08,6.2274870000000000e+07,1.9213000000000000e+05,6.2082740000000000e+07,3.0209066000000000e+07,1.1051045000000000e+07,1.9158021000000000e+07,6.9252150900000000e+08,6.7400876100000000e+08,2.0724390000000000e+07
