MUNICIPALITY,NUMBERED,TOWN CODE,RESIDENTIAL,COMMERCIAL,INDUSTRIAL,PUBLIC UTILITY,APARTMENT,TOTAL REAL,REAL EXEMPTIONS,TOTAL NET REAL,TOTAL GROSS MV,MV EXEMPTIONS,TOTAL NET MV,TOTAL PERS PROP,PERS PROP EXEMPTIONS,TOTAL NET PERS PROP,TOTAL GROSS GRAND LIST,TOTAL NET GRAND LIST,OTHER
"ANDOVER",1.0000000000000000e+00,1.0000000000000000e+00,2.1467668800000000e+08,4.6964000000000000e+06,1.0683000000000000e+06,6.1680000000000000e+05,1.5360000000000000e+06,2.2936410800000000e+08,1.0125000000000000e+06,2.2835160800000000e+08,2.4721366000000000e+07,4.6048000000000000e+05,2.4260886000000000e+07,6.2607730000000000e+06,3.6699400000000000e+05,5.8937790000000000e+06,2.6034624700000000e+08,258506273.0000,6.7699200000000000e+06
"ANSONIA",2.0000000000000000e+00,2.0000000000000000e+00,9.0910860000000000e+08,1.0408600000000000e+08,2.0006500000000000e+07,3.3360000000000000e+05,1.6936400000000000e+07,1.0505953950000000e+09,6.7009360000000000e+06,1.0438944590000000e+09,9.0916888000000000e+07,1.0519080000000000e+06,8.9864980000000000e+07,4.4521036000000000e+07,3.7868300000000000e+06,4.0734206000000000e+07,1.1860333190000000e+09,1174493645.0000,1.2429500000000000e+05
"ASHFORD",3.0000000000000000e+00,3.0000000000000000e+00,2.2358100000000000e+08,1.2745100000000000e+07,0.0000000000000000e+00,0.0000000000000000e+00,9.2912000000000000e+06,2.5964455000000000e+08,5.9402500000000000e+05,2.5905052500000000e+08,2.9897442000000000e+07,9.9472200000000000e+05,2.8902720000000000e+07,7.5628770000000000e+06,5.8594200000000000e+05,6.9769350000000000e+06,2.9710486900000000e+08,294930180.0000,1.4027250000000000e+07
"AVON",4.0000000000000000e+00,4.0000000000000000e+00,2.1034324800000000e+09,2.4870078000000000e+08,2.8467040000000000e+07,3.4009000000000000e+05,3.7355920000000000e+07,2.4238044900000000e+09,4.9468600000000000e+06,2.4188576300000000e+09,1.7446525000000000e+08,8.2706000000000000e+05,1.7363819000000000e+08,9.0912010000000000e+07,1.5301040000000000e+07,7.5610970000000000e+07,2.6891817500000000e+09,2668106790.0000,5.5081800000000000e+06
"BARKHAMSTED",5.0000000000000000e+00,5.0000000000000000e+00,2.7885350000000000e+08,1.3118390000000000e+07,4.3317200000000000e+06,0.0000000000000000e+00,2.1320500000000000e+06,3.3383069000000000e+08,1.0687900000000000e+06,3.3276190000000000e+08,3.0788799000000000e+07,7.5325000000000000e+05,3.0035549000000000e+07,1.4710187000000000e+07,3.3656400000000000e+06,1.1344547000000000e+07,3.7932967600000000e+08,374141996.0000,3.5395030000000000e+07
"BEACON FALLS",6.0000000000000000e+00,6.0000000000000000e+00,3.5740982000000000e+08,1.4544290000000000e+07,3.0697430000000000e+07,3.1364000000000000e+05,0.0000000000000000e+00,4.1658601000000000e+08,4.0478580000000000e+06,4.1253815200000000e+08,4.1007660000000000e+07,3.6711000000000000e+05,4.0640550000000000e+07,2.0463570000000000e+07,2.1296380000000000e+06,1.8333932000000000e+07,4.7805724000000000e+08,471512634.0000,1.3620830000000000e+07
"BERLIN",7.0000000000000000e+00,7.0000000000000000e+00,1.5342242400000000e+09,2.8480818000000000e+08,1.3888260000000000e+08,3.4684000000000000e+06,0.0000000000000000e+00,2.0075324700000000e+09,1.1264068000000000e+07,1.9962684020000000e+09,1.9160127000000000e+08,1.1923310000000000e+07,1.7967796000000000e+08,2.3279946000000000e+08,5.7119040000000000e+07,1.7568042000000000e+08,2.4319332000000000e+09,2351626782.0000,4.6149050000000000e+07
"BETHANY",8.0000000000000000e+00,8.0000000000000000e+00,5.1701240000000000e+08,1.4671490000000000e+07,1.9591290000000000e+07,0.0000000000000000e+00,0.0000000000000000e+00,5.5856017000000000e+08,4.9289900000000000e+06,5.5363118000000000e+08,4.5999669000000000e+07,3.2738700000000000e+05,4.5672282000000000e+07,2.3652578000000000e+07,3.4763900000000000e+06,2.0176188000000000e+07,6.2821241700000000e+08,619479650.0000,7.2849900000000000e+06
"BETHEL",9.0000000000000000e+00,9.0000000000000000e+00,1.6892889800000000e+09,2.2509659000000000e+08,8.8050310000000000e+07,0.0000000000000000e+00,2.0779840000000000e+07,2.0803417400000000e+09,7.1398400000000000e+06,2.0732019000000000e+09,1.3669379000000000e+08,4.3542000000000000e+05,1.3625837000000000e+08,1.5494964000000000e+08,2.3945240000000000e+07,1.3100440000000000e+08,2.3719851700000000e+09,2340464670.0000,5.7126020000000000e+07
"BETHLEHEM",1.0000000000000000e+01,1.0000000000000000e+01,3.3095680000000000e+08,2.2356600000000000e+07,3.1460000000000000e+06,0.0000000000000000e+00,0.0000000000000000e+00,3.6901690000000000e+08,2.9031400000000000e+06,3.6611376000000000e+08,3.2836080000000000e+07,1.5529000000000000e+05,3.2680790000000000e+07,8.2313320000000000e+06,1.4277370000000000e+06,6.8035950000000000e+06,4.1008431200000000e+08,405598145.0000,1.2557500000000000e+07
"BLOOMFIELD",1.1000000000000000e+01,1.1000000000000000e+01,1.1030581200000000e+09,2.6447799000000000e+08,1.8494299000000000e+08,0.0000000000000000e+00,1.0141167000000000e+08,1.6588633700000000e+09,3.4650000000000000e+06,1.6553983700000000e+09,1.4793061400000000e+08,9.4131900000000000e+06,1.3851742400000000e+08,2.7549478000000000e+08,8.8808870000000000e+07,1.8668591000000000e+08,2.0822887640000000e+09,1980601704.0000,4.9726000000000000e+06
"BOLTON",1.2000000000000000e+01,1.2000000000000000e+01,3.8850802000000000e+08,2.1975880000000000e+07,2.8663000000000000e+06,0.0000000000000000e+00,0.0000000000000000e+00,4.3354162000000000e+08,2.1966650000000000e+06,4.3134495500000000e+08,3.9345400000000000e+07,6.5139800000000000e+05,3.8694002000000000e+07,1.1602370000000000e+07,1.9324000000000000e+06,9.6699700000000000e+06,4.8448939000000000e+08,479708927.0000,2.0191420000000000e+07
"BOZRAH",1.3000000000000000e+01,1.3000000000000000e+01,1.6472593000000000e+08,1.0985120000000000e+07,2.2801730000000000e+07,0.0000000000000000e+00,1.0877800000000000e+06,2.0992068000000000e+08,7.1017000000000000e+05,2.0921051000000000e+08,2.3353600000000000e+07,6.2507000000000000e+05,2.2728530000000000e+07,2.3137534000000000e+07,1.0732920000000000e+07,1.2404614000000000e+07,2.5641181400000000e+08,244343654.0000,1.0320120000000000e+07
"BRANFORD",1.4000000000000000e+01,1.4000000000000000e+01,2.6136083300000000e+09,3.4730731000000000e+08,1.0738148000000000e+08,2.8696000000000000e+06,3.8999970000000000e+07,3.1299900900000000e+09,9.4940000000000000e+06,3.1204960900000000e+09,2.2037787000000000e+08,3.3443540000000000e+06,2.1703351600000000e+08,1.5664579600000000e+08,2.7791210000000000e+07,1.2885458600000000e+08,3.5070137560000000e+09,3466384192.0000,1.9823400000000000e+07
"BRIDGEPORT",1.5000000000000000e+01,1.5000000000000000e+01,4.0899367420000000e+09,8.8433226700000000e+08,5.6430124600000000e+08,4.2171365000000000e+07,3.0804727000000000e+08,5.9660021220000000e+09,3.3281329000000000e+07,5.9327207930000000e+09,4.2113098800000000e+08,9.1018630000000000e+06,4.1202912500000000e+08,7.6014730900000000e+08,1.2393435300000000e+08,6.3621295600000000e+08,7.1472804190000000e+09,6980962874.0000,7.7213232000000000e+07
"BRIDGEWATER",1.6000000000000000e+01,1.6000000000000000e+01,3.3767795200000000e+08,2.8743000000000000e+06,7.0110000000000000e+05,5.5480000000000000e+05,0.0000000000000000e+00,3.6572420200000000e+08,7.8200000000000000e+05,3.6494220200000000e+08,1.7394749000000000e+07,4.8660000000000000e+04,1.7346089000000000e+07,3.6318070000000000e+06,3.4826000000000000e+05,3.2835470000000000e+06,3.8675075800000000e+08,385571838.0000,2.3916050000000000e+07
"BRISTOL",1.7000000000000000e+01,1.7000000000000000e+01,2.8631739400000000e+09,4.9224350000000000e+08,2.3059383000000000e+08,2.4392900000000000e+06,1.3211251000000000e+08,3.7670330400000000e+09,4.4328270000000000e+07,3.7227047700000000e+09,3.6606722000000000e+08,2.9679230000000000e+06,3.6309929700000000e+08,4.1041991000000000e+08,1.7547234000000000e+08,2.3494757000000000e+08,4.5435201700000000e+09,4320751637.0000,4.6469970000000000e+07
"BROOKFIELD",1.8000000000000000e+01,1.8000000000000000e+01,1.5511402660000000e+09,2.3697805000000000e+08,8.0278010000000000e+07,1.3432520000000000e+07,1.0739790000000000e+07,1.9332285860000000e+09,4.4621200000000000e+06,1.9287664660000000e+09,1.3920286200000000e+08,2.2245800000000000e+06,1.3697828200000000e+08,1.1261847100000000e+08,8.1937700000000000e+06,1.0442470100000000e+08,2.1850499190000000e+09,2170169449.0000,4.0659950000000000e+07
"BROOKLYN",1.9000000000000000e+01,1.9000000000000000e+01,3.8955350000000000e+08,3.3765200000000000e+07,4.0043000000000000e+06,2.5949000000000000e+06,1.5055400000000000e+07,4.6346882000000000e+08,1.5845000000000000e+06,4.6188432000000000e+08,5.1824845000000000e+07,9.2233000000000000e+05,5.0902515000000000e+07,1.6154273000000000e+07,1.1326700000000000e+06,1.5021603000000000e+07,5.3144793800000000e+08,527808438.0000,1.8495520000000000e+07
"BURLINGTON",2.0000000000000000e+01,2.0000000000000000e+01,7.8450783000000000e+08,1.3275050000000000e+07,3.1265500000000000e+06,0.0000000000000000e+00,3.4426000000000000e+05,8.4596576000000000e+08,1.1145470000000000e+06,8.4485121300000000e+08,7.9254950000000000e+07,2.2596000000000000e+05,7.9028990000000000e+07,1.1619467000000000e+07,1.1058100000000000e+06,1.0513657000000000e+07,9.3684017700000000e+08,934393860.0000,4.4712070000000000e+07
"CANAAN",2.1000000000000000e+01,2.1000000000000000e+01,1.1779550000000000e+08,6.2961000000000000e+06,1.0418400000000000e+07,2.4228000000000000e+06,0.0000000000000000e+00,1.7208300000000000e+08,2.3400000000000000e+05,1.7184900000000000e+08,9.5932600000000000e+06,4.9980000000000000e+04,9.5432800000000000e+06,1.2310770000000000e+07,2.2535850000000000e+06,1.0057185000000000e+07,1.9398703000000000e+08,191449465.0000,3.5150200000000000e+07
"CANTERBURY",2.2000000000000000e+01,2.2000000000000000e+01,3.0505405000000000e+08,1.0839880000000000e+07,4.1417000000000000e+06,1.4830000000000000e+05,1.6536000000000000e+06,3.4193596000000000e+08,3.4290000000000000e+06,3.3850696000000000e+08,3.8188360000000000e+07,9.2151000000000000e+05,3.7266850000000000e+07,8.0170940000000000e+06,6.1910000000000000e+05,7.3979940000000000e+06,3.8814141400000000e+08,383171804.0000,2.0098430000000000e+07
"CANTON",2.3000000000000000e+01,2.3000000000000000e+01,8.6341886000000000e+08,1.2921484000000000e+08,7.6631000000000000e+06,1.3758000000000000e+05,7.8448800000000000e+06,1.0105039800000000e+09,1.2390000000000000e+06,1.0092649800000000e+09,8.1239200000000000e+07,2.2347000000000000e+05,8.1015730000000000e+07,4.1233630000000000e+07,5.6225000000000000e+05,4.0671380000000000e+07,1.1329768100000000e+09,1130952090.0000,2.2247200000000000e+06
"CHAPLIN",2.4000000000000000e+01,2.4000000000000000e+01,1.3672930000000000e+08,7.4526000000000000e+06,1.4234000000000000e+06,0.0000000000000000e+00,2.8660000000000000e+05,1.4847360000000000e+08,3.6758000000000000e+05,1.4810602000000000e+08,1.5793610000000000e+07,5.0250000000000000e+04,1.5743360000000000e+07,9.1849300000000000e+06,3.3525000000000000e+05,8.8496800000000000e+06,1.7345214000000000e+08,172699060.0000,2.5817000000000000e+06
"CHESHIRE",2.5000000000000000e+01,2.5000000000000000e+01,2.1230594700000000e+09,2.1746943000000000e+08,1.7747121000000000e+08,0.0000000000000000e+00,1.3100530000000000e+07,2.5514232900000000e+09,1.7610424000000000e+07,2.5338128660000000e+09,2.2847580100000000e+08,7.7037560000000000e+06,2.2077204500000000e+08,1.3889881600000000e+08,2.9799067000000000e+07,1.0909974900000000e+08,2.9187979070000000e+09,2863684660.0000,2.0322650000000000e+07
"CHESTER",2.6000000000000000e+01,2.6000000000000000e+01,3.6808512000000000e+08,5.6983120000000000e+07,1.9849230000000000e+07,1.1204800000000000e+06,3.2454700000000000e+06,4.6084152000000000e+08,2.7957000000000000e+06,4.5804582000000000e+08,2.8155760000000000e+07,1.9579000000000000e+05,2.7959970000000000e+07,2.2717045000000000e+07,6.2761600000000000e+06,1.6440885000000000e+07,5.1171432500000000e+08,502446675.0000,1.1558100000000000e+07
"CLINTON",2.7000000000000000e+01,2.7000000000000000e+01,1.1675733900000000e+09,1.3417054800000000e+08,2.9660210000000000e+07,1.0399000000000000e+06,4.3959920000000000e+06,1.3543092900000000e+09,5.5330100000000000e+06,1.3487762800000000e+09,9.2342420000000000e+07,5.0176000000000000e+05,9.1840660000000000e+07,7.5786176000000000e+07,1.9572030000000000e+07,5.6214146000000000e+07,1.5224378860000000e+09,1496831086.0000,1.7469250000000000e+07
"COLCHESTER",2.8000000000000000e+01,2.8000000000000000e+01,8.7148630000000000e+08,8.5222200000000000e+07,8.7784000000000000e+06,4.2123000000000000e+06,2.0977200000000000e+07,1.0264507700000000e+09,3.8658000000000000e+06,1.0225849700000000e+09,1.1727145000000000e+08,1.8821600000000000e+06,1.1538929000000000e+08,3.9631730000000000e+07,1.0855500000000000e+06,3.8546180000000000e+07,1.1833539500000000e+09,1176520440.0000,3.5774370000000000e+07
"COLEBROOK",2.9000000000000000e+01,2.9000000000000000e+01,1.4787765000000000e+08,1.4780000000000000e+06,6.3470000000000000e+05,1.1313700000000000e+07,0.0000000000000000e+00,1.6330982000000000e+08,1.1450000000000000e+06,1.6216482000000000e+08,1.2054035000000000e+07,1.3592000000000000e+05,1.1918115000000000e+07,9.4826650000000000e+06,7.0240000000000000e+04,9.4124250000000000e+06,1.8484652000000000e+08,183495360.0000,2.0057700000000000e+06
"COLUMBIA",3.0000000000000000e+01,3.0000000000000000e+01,3.7701691000000000e+08,1.4310400000000000e+07,6.6449300000000000e+06,3.1500000000000000e+05,5.3260000000000000e+05,4.1011566100000000e+08,1.1825000000000000e+06,4.0893316100000000e+08,4.3487200000000000e+07,2.6959000000000000e+05,4.3217610000000000e+07,1.3444878000000000e+07,2.0712530000000000e+06,1.1373625000000000e+07,4.6704773900000000e+08,463524396.0000,1.1295821000000000e+07
"CORNWALL",3.1000000000000000e+01,3.1000000000000000e+01,2.6762483000000000e+08,9.8867000000000000e+06,0.0000000000000000e+00,0.0000000000000000e+00,0.0000000000000000e+00,3.6853293000000000e+08,3.7600000000000000e+05,3.6815693000000000e+08,1.4400570000000000e+07,6.1950000000000000e+04,1.4338620000000000e+07,8.7834000000000000e+06,5.3937000000000000e+05,8.2440300000000000e+06,3.9171690000000000e+08,390739580.0000,9.1021400000000000e+07
"COVENTRY",3.2000000000000000e+01,3.2000000000000000e+01,8.4237127000000000e+08,3.3703200000000000e+07,1.1401000000000000e+06,4.5590000000000000e+05,5.5200000000000000e+04,8.7919337000000000e+08,3.3408000000000000e+06,8.7585257000000000e+08,8.6778490000000000e+07,7.3677000000000000e+05,8.6041720000000000e+07,2.2761510000000000e+07,1.4151300000000000e+06,2.1346380000000000e+07,9.8873337000000000e+08,983240670.0000,1.4677000000000000e+06
"CROMWELL",3.3000000000000000e+01,3.3000000000000000e+01,9.7392675000000000e+08,2.1311197000000000e+08,3.3475780000000000e+07,0.0000000000000000e+00,1.3920900000000000e+06,1.2340782100000000e+09,4.2655950000000000e+06,1.2298126150000000e+09,1.0598522000000000e+08,4.3750000000000000e+05,1.0554772000000000e+08,7.9528654000000000e+07,4.4004200000000000e+06,7.5128234000000000e+07,1.4195920840000000e+09,1410488569.0000,1.2171620000000000e+07
"DANBURY",3.4000000000000000e+01,3.4000000000000000e+01,5.3865602000000000e+09,1.6221778000000000e+09,4.6091540000000000e+08,4.3075000000000000e+06,2.5860350000000000e+08,7.7329063000000000e+09,7.3528750100000000e+08,6.9976187990000000e+09,4.8036641800000000e+08,1.2588100000000000e+06,4.7910760800000000e+08,5.6405580000000000e+08,1.7791110000000000e+08,3.8614470000000000e+08,8.7773285180000000e+09,7862871107.0000,3.4190000000000000e+05
"DARIEN",3.5000000000000000e+01,3.5000000000000000e+01,7.6120027800000000e+09,6.6009998000000000e+08,3.5894600000000000e+06,6.6612000000000000e+05,3.7886310000000000e+07,8.4641017000000000e+09,1.1095000000000000e+06,8.4629922000000000e+09,2.3301418500000000e+08,0.0000000000000000e+00,2.3301418500000000e+08,1.6029260600000000e+08,7.8200000000000000e+04,1.6021440600000000e+08,8.8574084910000000e+09,8856220791.0000,1.4985705000000000e+08
"DEEP RIVER",3.6000000000000000e+01,3.6000000000000000e+01,3.7931817000000000e+08,2.9952860000000000e+07,1.3025880000000000e+07,4.3022000000000000e+05,2.7792100000000000e+06,4.3632571000000000e+08,1.5564200000000000e+06,4.3476929000000000e+08,3.3442050000000000e+07,1.9315000000000000e+05,3.3248900000000000e+07,2.3710245000000000e+07,9.4711760000000000e+06,1.4239069000000000e+07,4.9347800500000000e+08,482257259.0000,1.0819370000000000e+07
"DERBY",3.7000000000000000e+01,3.7000000000000000e+01,5.0199660000000000e+08,1.0431965000000000e+08,1.0606970000000000e+07,4.5607000000000000e+05,1.7758370000000000e+07,6.4615769000000000e+08,5.1967800000000000e+06,6.4096091000000000e+08,6.3189935000000000e+07,6.7342000000000000e+05,6.2516515000000000e+07,4.2729329000000000e+07,8.5778000000000000e+05,4.1871549000000000e+07,7.5207695400000000e+08,745348974.0000,1.1020030000000000e+07
"DURHAM",3.8000000000000000e+01,3.8000000000000000e+01,5.0554197900000000e+08,1.8621610000000000e+07,1.8000780000000000e+07,3.9823000000000000e+05,1.6172800000000000e+06,6.4806365900000000e+08,4.7316500000000000e+06,6.4333200900000000e+08,6.1759355000000000e+07,2.3020000000000000e+05,6.1529155000000000e+07,4.0702214000000000e+07,1.3088040000000000e+07,2.7614174000000000e+07,7.5052522800000000e+08,732475338.0000,1.0388378000000000e+08
"EAST GRANBY",3.9000000000000000e+01,4.0000000000000000e+01,3.7130960000000000e+08,1.9216200000000000e+07,7.4817500000000000e+07,3.9830000000000000e+05,0.0000000000000000e+00,4.8645690000000000e+08,1.3452500000000000e+06,4.8511165000000000e+08,5.2870544000000000e+07,1.2418710000000000e+06,5.1628673000000000e+07,7.2943524000000000e+07,3.5927976000000000e+07,3.7015548000000000e+07,6.1227096800000000e+08,573755871.0000,2.0715300000000000e+07
"EAST HADDAM",4.0000000000000000e+01,4.1000000000000000e+01,8.2817267600000000e+08,3.6406390000000000e+07,8.2767900000000000e+06,1.9064000000000000e+05,3.4933400000000000e+06,9.0735565600000000e+08,3.8860980000000000e+06,9.0346955800000000e+08,7.1157854000000000e+07,3.1032310000000000e+06,6.8054623000000000e+07,1.7554110000000000e+07,1.0087000000000000e+06,1.6545410000000000e+07,9.9606762000000000e+08,988069591.0000,3.0815820000000000e+07
"EAST HAMPTON",4.1000000000000000e+01,4.2000000000000000e+01,9.3571330400000000e+08,5.1524527000000000e+07,8.4474400000000000e+06,0.0000000000000000e+00,1.9632860000000000e+06,1.0058573740000000e+09,4.0494240000000000e+06,1.0018079500000000e+09,9.9866503000000000e+07,8.2440000000000000e+05,9.9042103000000000e+07,2.6280880000000000e+07,1.4671200000000000e+06,2.4813760000000000e+07,1.1320047570000000e+09,1125663813.0000,8.2088170000000000e+06
"EAST HARTFORD",4.2000000000000000e+01,4.3000000000000000e+01,1.4644041500000000e+09,3.9067253900000000e+08,2.4742123500000000e+08,1.5694600000000000e+06,1.0665888900000000e+08,2.2363572980000000e+09,3.8417461000000000e+07,2.1979398370000000e+09,2.6994509900000000e+08,2.5087600000000000e+06,2.6743633900000000e+08,4.1194800000000000e+08,1.8460502200000000e+08,2.2734297800000000e+08,2.9182503970000000e+09,2692719154.0000,2.5631025000000000e+07
"EAST HAVEN",4.3000000000000000e+01,4.4000000000000000e+01,1.4214359300000000e+09,2.9272889000000000e+08,2.1325370000000000e+07,1.7744200000000000e+06,7.2270400000000000e+06,1.7743503100000000e+09,1.8571590000000000e+07,1.7557787200000000e+09,1.6205829700000000e+08,2.8043700000000000e+06,1.5925392700000000e+08,5.9205910000000000e+07,3.9120600000000000e+06,5.5293850000000000e+07,1.9956145170000000e+09,1970326497.0000,2.9858660000000000e+07
"EAST LYME",4.4000000000000000e+01,4.5000000000000000e+01,1.6653206430000000e+09,1.2221052100000000e+08,1.4146230000000000e+07,7.7385000000000000e+05,2.9771104000000000e+07,1.8879711780000000e+09,9.9330000000000000e+06,1.8780381780000000e+09,1.2616313000000000e+08,9.2026000000000000e+05,1.2524287000000000e+08,4.6008990000000000e+07,2.9138800000000000e+06,4.3095110000000000e+07,2.0601432980000000e+09,2046376158.0000,5.5748830000000000e+07
"EAST WINDSOR",4.5000000000000000e+01,4.7000000000000000e+01,6.1722491500000000e+08,1.9517062100000000e+08,7.9035730000000000e+07,0.0000000000000000e+00,3.0528720000000000e+07,9.4288445100000000e+08,1.4122100000000000e+06,9.4147224100000000e+08,9.7272544000000000e+07,7.9364440000000000e+06,8.9336100000000000e+07,7.4697677000000000e+07,1.4338070000000000e+07,6.0359607000000000e+07,1.1148546720000000e+09,1091167948.0000,2.0924465000000000e+07
"EASTFORD",4.6000000000000000e+01,3.9000000000000000e+01,1.2762185000000000e+08,7.2973700000000000e+06,3.1361600000000000e+06,0.0000000000000000e+00,0.0000000000000000e+00,1.4409163000000000e+08,7.5315500000000000e+05,1.4333847500000000e+08,1.3437540000000000e+07,1.4602000000000000e+05,1.3291520000000000e+07,1.1789635000000000e+07,5.6962800000000000e+06,6.0933550000000000e+06,1.6931880500000000e+08,162723350.0000,6.0362500000000000e+06
"EASTON",4.7000000000000000e+01,4.6000000000000000e+01,1.1875804530000000e+09,1.0289000000000000e+07,2.3171460000000000e+07,1.0748500000000000e+06,0.0000000000000000e+00,1.2318318230000000e+09,3.1481100000000000e+06,1.2286837130000000e+09,7.5386730000000000e+07,2.3107000000000000e+05,7.5155660000000000e+07,1.4626227000000000e+07,6.5644000000000000e+05,1.3969787000000000e+07,1.3218447800000000e+09,1317809160.0000,9.7160600000000000e+06
"ELLINGTON",4.8000000000000000e+01,4.8000000000000000e+01,9.4946629200000000e+08,7.2494380000000000e+07,1.7732780000000000e+07,6.2677000000000000e+05,5.5990443000000000e+07,1.1054360350000000e+09,5.2979100000000000e+06,1.1001381250000000e+09,1.1802947800000000e+08,1.1957300000000000e+06,1.1683374800000000e+08,5.4929460000000000e+07,1.5842699000000000e+07,3.9086761000000000e+07,1.2783949730000000e+09,1256058634.0000,9.1253700000000000e+06
"ENFIELD",4.9000000000000000e+01,4.9000000000000000e+01,1.7948054700000000e+09,3.7931797000000000e+08,1.6668420000000000e+08,5.2027400000000000e+06,5.3675050000000000e+07,2.4339601700000000e+09,1.8075050000000000e+07,2.4158851200000000e+09,2.5555249000000000e+08,2.4398500000000000e+06,2.5311264000000000e+08,1.9342578000000000e+08,2.0840903000000000e+07,1.7258487700000000e+08,2.8829384400000000e+09,2841582637.0000,3.4274740000000000e+07
"ESSEX",5.0000000000000000e+01,5.0000000000000000e+01,8.7652695000000000e+08,1.2106647000000000e+08,3.5386300000000000e+07,0.0000000000000000e+00,0.0000000000000000e+00,1.0336367200000000e+09,1.8482500000000000e+06,1.0317884700000000e+09,6.3377535000000000e+07,3.9452000000000000e+06,5.9432335000000000e+07,3.8498681000000000e+07,9.5304500000000000e+06,2.8968231000000000e+07,1.1355129360000000e+09,1120189036.0000,6.5700000000000000e+05
"FAIRFIELD",5.1000000000000000e+01,5.1000000000000000e+01,8.9416294550000000e+09,1.0350321230000000e+09,5.3157720000000000e+07,3.8609690000000000e+07,6.5116100000000000e+06,1.0175611458000000e+10,4.1646180000000000e+07,1.0133965278000000e+10,4.8251768200000000e+08,2.1041240000000000e+06,4.8041355800000000e+08,2.5315024700000000e+08,1.0240446000000000e+07,2.4290980100000000e+08,1.0911279387000000e+10,10857288637.0000,1.0067086000000000e+08
"FARMINGTON",5.2000000000000000e+01,5.2000000000000000e+01,2.4781990820000000e+09,7.4523996600000000e+08,3.7482760000000000e+07,2.3576000000000000e+05,7.6466340000000000e+07,3.3469612780000000e+09,2.2932500000000000e+06,3.3446680280000000e+09,2.2293153000000000e+08,6.6284000000000000e+05,2.2226869000000000e+08,2.3272268000000000e+08,5.0287110000000000e+07,1.8243557000000000e+08,3.8026154880000000e+09,3749372288.0000,9.3373700000000000e+06
"FRANKLIN",5.3000000000000000e+01,5.3000000000000000e+01,1.2921004000000000e+08,3.3178316000000000e+07,5.0300600000000000e+06,0.0000000000000000e+00,1.3442100000000000e+06,1.8304315600000000e+08,7.4405000000000000e+05,1.8229910600000000e+08,1.7922000000000000e+07,3.2990000000000000e+05,1.7592100000000000e+07,1.4388340000000000e+07,1.9243500000000000e+06,1.2463990000000000e+07,2.1535349600000000e+08,212355196.0000,1.4280530000000000e+07
"GLASTONBURY",5.4000000000000000e+01,5.4000000000000000e+01,3.2213799800000000e+09,4.8324740000000000e+08,6.9302300000000000e+07,2.8954000000000000e+06,2.0670800000000000e+07,3.7995103800000000e+09,5.2590000000000000e+06,3.7942513800000000e+09,2.8061502500000000e+08,1.1082700000000000e+06,2.7950675500000000e+08,1.5064210000000000e+08,1.6786320000000000e+07,1.3385578000000000e+08,4.2307675050000000e+09,4207613915.0000,2.0145000000000000e+06
"GOSHEN",5.5000000000000000e+01,5.5000000000000000e+01,5.0783152000000000e+08,1.9473740000000000e+07,9.6047000000000000e+05,2.1101900000000000e+06,1.9747000000000000e+05,5.7698329000000000e+08,1.7095000000000000e+06,5.7527379000000000e+08,3.0285730000000000e+07,1.9685000000000000e+05,3.0088880000000000e+07,9.0833650000000000e+06,5.0603000000000000e+05,8.5773350000000000e+06,6.1635238500000000e+08,613940005.0000,4.6409900000000000e+07
"GRANBY",5.6000000000000000e+01,5.6000000000000000e+01,8.2185865000000000e+08,4.0823440000000000e+07,3.9333000000000000e+06,6.8572000000000000e+05,4.4267300000000000e+06,9.6412090000000000e+08,1.7975900000000000e+06,9.6232331000000000e+08,8.6368590000000000e+07,3.7358000000000000e+05,8.5995010000000000e+07,2.0513830000000000e+07,1.9946200000000000e+06,1.8519210000000000e+07,1.0710033200000000e+09,1066837530.0000,9.2393060000000000e+07
"GREENWICH",5.7000000000000000e+01,5.7000000000000000e+01,2.4119622660000000e+10,4.1421301600000000e+09,7.7480900000000000e+07,3.2829300000000000e+07,3.4893796000000000e+08,2.9344739550000000e+10,2.2158000000000000e+07,2.9322581550000000e+10,7.4000634000000000e+08,6.0464600000000000e+06,7.3395988000000000e+08,6.5346566400000000e+08,1.5703000000000000e+05,6.5330863400000000e+08,3.0738211554000000e+10,30709850064.0000,6.2373857000000000e+08
"GRISWOLD",5.8000000000000000e+01,5.8000000000000000e+01,5.3741586800000000e+08,3.7524634000000000e+07,3.8493700000000000e+06,2.1116200000000000e+06,8.9565330000000000e+06,6.1170116500000000e+08,5.4009700000000000e+06,6.0630019500000000e+08,7.5622850000000000e+07,6.9436000000000000e+05,7.4928490000000000e+07,1.7573001000000000e+07,1.1537550000000000e+06,1.6419246000000000e+07,7.0489701600000000e+08,697647931.0000,2.1843140000000000e+07
"GROTON",5.9000000000000000e+01,5.9000000000000000e+01,2.2110436700000000e+09,3.7994335500000000e+08,6.1024915000000000e+08,0.0000000000000000e+00,1.5807960000000000e+08,3.4392548450000000e+09,5.0876056000000000e+07,3.3883787890000000e+09,2.2294875400000000e+08,1.4093961000000000e+07,2.0885479300000000e+08,5.1217727800000000e+08,1.5963378000000000e+08,3.5254349800000000e+08,4.1743808770000000e+09,3949777080.0000,7.9939070000000000e+07
"GROTON (City of)",6.0000000000000000e+01,,,,,,,,,,,,,,,,,,
"GUILFORD",6.1000000000000000e+01,6.0000000000000000e+01,2.9864032890000000e+09,2.1236880000000000e+08,2.7280280000000000e+07,0.0000000000000000e+00,4.9256800000000000e+06,3.2574403990000000e+09,9.1797800000000000e+06,3.2482606190000000e+09,1.8015556000000000e+08,6.4290000000000000e+05,1.7951266000000000e+08,7.1270768000000000e+07,9.3544700000000000e+06,6.1916298000000000e+07,3.5088667270000000e+09,3489689577.0000,2.6462350000000000e+07
"HADDAM",6.2000000000000000e+01,6.1000000000000000e+01,6.8815819000000000e+08,2.5907190000000000e+07,2.5140460000000000e+07,1.2163200000000000e+06,6.8281000000000000e+05,7.7753068000000000e+08,2.4640520000000000e+06,7.7506662800000000e+08,6.6770184000000000e+07,2.3687400000000000e+05,6.6533310000000000e+07,5.5994882000000000e+07,2.9024000000000000e+05,5.5704642000000000e+07,9.0029574600000000e+08,897304580.0000,3.6425710000000000e+07
"HAMDEN",6.3000000000000000e+01,6.2000000000000000e+01,2.8416726300000000e+09,4.6101488000000000e+08,6.5580410000000000e+07,4.0038600000000000e+06,2.5351606000000000e+08,3.6345178900000000e+09,3.1901914000000000e+07,3.6026159760000000e+09,3.1255298400000000e+08,3.7301910000000000e+06,3.0882279300000000e+08,1.5480844000000000e+08,1.7481324000000000e+07,1.3732711600000000e+08,4.1018793140000000e+09,4048765885.0000,8.7300500000000000e+06
"HAMPTON",6.4000000000000000e+01,6.3000000000000000e+01,1.2818948000000000e+08,2.2889500000000000e+06,1.2264000000000000e+05,0.0000000000000000e+00,0.0000000000000000e+00,1.3813960000000000e+08,6.8272000000000000e+05,1.3745688000000000e+08,1.5194010000000000e+07,1.4804500000000000e+06,1.3713560000000000e+07,3.4499020000000000e+06,3.8660500000000000e+05,3.0632970000000000e+06,1.5678351200000000e+08,154233737.0000,7.5385300000000000e+06
"HARTFORD",6.5000000000000000e+01,6.4000000000000000e+01,7.2060431200000000e+08,1.2182193410000000e+09,7.3354131000000000e+07,1.6374330000000000e+07,4.1942943400000000e+08,2.5276437180000000e+09,3.2022378000000000e+07,2.4956213400000000e+09,2.9300429000000000e+08,2.0143457000000000e+07,2.7286083300000000e+08,6.7468604000000000e+08,4.4713090000000000e+07,6.2997295000000000e+08,3.4953340480000000e+09,3398455123.0000,7.9662170000000000e+07
"HARTLAND",6.6000000000000000e+01,6.5000000000000000e+01,1.5003506000000000e+08,6.3843000000000000e+05,0.0000000000000000e+00,1.6775670000000000e+07,0.0000000000000000e+00,1.7259120000000000e+08,4.5500000000000000e+05,1.7213620000000000e+08,1.6015600000000000e+07,2.7610000000000000e+04,1.5987990000000000e+07,6.2381600000000000e+06,1.3790000000000000e+04,6.2243700000000000e+06,1.9484496000000000e+08,194348560.0000,5.1420400000000000e+06
"HARWINTON",6.7000000000000000e+01,6.6000000000000000e+01,4.4911490300000000e+08,1.3049230000000000e+07,2.2804700000000000e+06,0.0000000000000000e+00,0.0000000000000000e+00,5.0222210300000000e+08,2.8529200000000000e+06,4.9936918300000000e+08,5.0353040000000000e+07,1.5786000000000000e+05,5.0195180000000000e+07,1.8024649000000000e+07,1.9639180000000000e+06,1.6060731000000000e+07,5.7059979200000000e+08,565625094.0000,3.7777500000000000e+07
"HEBRON",6.8000000000000000e+01,6.7000000000000000e+01,6.4414329000000000e+08,2.1319480000000000e+07,7.8540000000000000e+05,0.0000000000000000e+00,3.0166500000000000e+06,6.8612190000000000e+08,2.4496300000000000e+06,6.8367227000000000e+08,7.1110490000000000e+07,3.6897000000000000e+05,7.0741520000000000e+07,1.4374990000000000e+07,6.6105000000000000e+05,1.3713940000000000e+07,7.7160738000000000e+08,768127730.0000,1.6857080000000000e+07
"KENT",6.9000000000000000e+01,6.8000000000000000e+01,5.2796780000000000e+08,4.3886710000000000e+07,0.0000000000000000e+00,1.9614000000000000e+06,0.0000000000000000e+00,6.2803211000000000e+08,1.5174100000000000e+06,6.2651470000000000e+08,2.5352040000000000e+07,7.6600000000000000e+04,2.5275440000000000e+07,1.4208539000000000e+07,3.7819000000000000e+05,1.3830349000000000e+07,6.6759268900000000e+08,665620489.0000,5.4216200000000000e+07
"KILLINGLY",7.0000000000000000e+01,6.9000000000000000e+01,8.0058745400000000e+08,1.3992595300000000e+08,8.6989320000000000e+07,1.3786178000000000e+08,3.5610330000000000e+07,1.2613746520000000e+09,1.4734405000000000e+08,1.1140306020000000e+09,1.0531527700000000e+08,5.9459630000000000e+06,9.9369314000000000e+07,4.2853258100000000e+08,2.7675318800000000e+08,1.5177939300000000e+08,1.7952225100000000e+09,1365179309.0000,6.0399815000000000e+07
"KILLINGWORTH",7.1000000000000000e+01,7.0000000000000000e+01,6.2346501000000000e+08,2.0521570000000000e+07,7.2255000000000000e+05,0.0000000000000000e+00,1.6925000000000000e+05,6.5369641000000000e+08,3.8863620000000000e+06,6.4981004800000000e+08,5.4884120000000000e+07,3.7782000000000000e+05,5.4506300000000000e+07,1.0723040000000000e+07,4.5983300000000000e+05,1.0263207000000000e+07,7.1930357000000000e+08,714579555.0000,8.8180300000000000e+06
"LEBANON",7.2000000000000000e+01,7.1000000000000000e+01,5.4679417000000000e+08,1.3719965000000000e+07,2.9492600000000000e+06,9.8693000000000000e+05,1.2252500000000000e+06,5.8541276500000000e+08,2.0505000000000000e+06,5.8336226500000000e+08,5.4026854000000000e+07,7.6692400000000000e+05,5.3259930000000000e+07,3.2155810000000000e+07,3.2732200000000000e+06,2.8882590000000000e+07,6.7159542900000000e+08,665504785.0000,1.9737190000000000e+07
"LEDYARD",7.3000000000000000e+01,7.2000000000000000e+01,8.7279645900000000e+08,4.7224834000000000e+07,9.1193200000000000e+06,5.3130000000000000e+05,8.4455000000000000e+06,9.6928144300000000e+08,3.6282150000000000e+06,9.6565322800000000e+08,1.0144843000000000e+08,6.3532550000000000e+06,9.5095175000000000e+07,5.9546030000000000e+07,2.1208178000000000e+07,3.8337852000000000e+07,1.1302759030000000e+09,1099086255.0000,3.1164030000000000e+07
"LISBON",7.4000000000000000e+01,7.3000000000000000e+01,2.2012290000000000e+08,8.2190850000000000e+07,1.9099100000000000e+06,2.6257000000000000e+05,7.9983000000000000e+05,3.2077210000000000e+08,1.3339600000000000e+06,3.1943814000000000e+08,3.0570777000000000e+07,4.1892000000000000e+05,3.0151857000000000e+07,3.4347594000000000e+07,1.6448170000000000e+07,1.7899424000000000e+07,3.8569047100000000e+08,367489421.0000,1.5486040000000000e+07
"LITCHFIELD",7.5000000000000000e+01,7.4000000000000000e+01,8.6398483000000000e+08,9.3923390000000000e+07,6.7906900000000000e+06,5.1744500000000000e+06,5.8044500000000000e+06,1.0100271600000000e+09,2.0245000000000000e+06,1.0080026600000000e+09,7.2296980000000000e+07,2.3425000000000000e+05,7.2062730000000000e+07,2.9990659000000000e+07,1.2459000000000000e+06,2.8744759000000000e+07,1.1123147990000000e+09,1108810149.0000,3.4349350000000000e+07
"LYME",7.6000000000000000e+01,7.5000000000000000e+01,5.5025444300000000e+08,4.9760000000000000e+06,0.0000000000000000e+00,3.2580000000000000e+05,0.0000000000000000e+00,5.8126637800000000e+08,1.0830430000000000e+06,5.8018333500000000e+08,2.2774960000000000e+07,5.8780000000000000e+04,2.2716180000000000e+07,5.5615930000000000e+06,2.2007000000000000e+05,5.3415230000000000e+06,6.0960293100000000e+08,608241038.0000,2.5710135000000000e+07
"MADISON",7.7000000000000000e+01,7.6000000000000000e+01,3.0404512680000000e+09,1.6656696000000000e+08,3.0396000000000000e+06,1.2776000000000000e+06,4.0444000000000000e+06,3.2567308380000000e+09,9.3360000000000000e+06,3.2473948380000000e+09,1.5898208000000000e+08,9.0852000000000000e+05,1.5807356000000000e+08,4.8273837000000000e+07,2.6032500000000000e+05,4.8013512000000000e+07,3.4639867550000000e+09,3453481910.0000,4.1351010000000000e+07
"MANCHESTER",7.8000000000000000e+01,7.7000000000000000e+01,2.1329414000000000e+09,7.4934446400000000e+08,1.9426543000000000e+08,4.8828000000000000e+06,2.4812810000000000e+08,3.3302028040000000e+09,1.7492970000000000e+07,3.3127098340000000e+09,3.3003967000000000e+08,4.9393800000000000e+06,3.2510029000000000e+08,3.4784389000000000e+08,9.7982430000000000e+07,2.4986146000000000e+08,4.0080863640000000e+09,3887671584.0000,6.4061000000000000e+05
"MANSFIELD",7.9000000000000000e+01,7.8000000000000000e+01,7.3810545000000000e+08,9.1715800000000000e+07,2.1277900000000000e+06,1.1165700000000000e+06,3.5269640000000000e+07,8.7546062000000000e+08,2.4285000000000000e+06,8.7303212000000000e+08,7.4750285000000000e+07,7.9005500000000000e+05,7.3960230000000000e+07,3.5552335000000000e+07,2.1469500000000000e+06,3.3405385000000000e+07,9.8576324000000000e+08,980397735.0000,7.1253700000000000e+06
"MARLBOROUGH",8.0000000000000000e+01,7.9000000000000000e+01,4.7692722000000000e+08,2.6667550000000000e+07,2.1795900000000000e+06,0.0000000000000000e+00,0.0000000000000000e+00,5.0679924000000000e+08,1.6120500000000000e+06,5.0518719000000000e+08,5.0525730000000000e+07,1.4566000000000000e+05,5.0380070000000000e+07,9.5951600000000000e+06,1.9732000000000000e+05,9.3978400000000000e+06,5.6692013000000000e+08,564965100.0000,1.0248800000000000e+06
"MERIDEN",8.1000000000000000e+01,8.0000000000000000e+01,2.0107234490000000e+09,6.0911671800000000e+08,1.0954181000000000e+08,4.3310400000000000e+06,1.1759510000000000e+08,2.8618706200000000e+09,1.1493632000000000e+08,2.7469343000000000e+09,2.9355257000000000e+08,3.0431900000000000e+06,2.9050938000000000e+08,3.2122991000000000e+08,1.1243130000000000e+08,2.0879861000000000e+08,3.4766531000000000e+09,3246242290.0000,1.0562503000000000e+07
"MIDDLEBURY",8.2000000000000000e+01,8.1000000000000000e+01,6.7090010000000000e+08,9.7250060000000000e+07,8.5500000000000000e+06,7.6850000000000000e+05,0.0000000000000000e+00,8.1615884000000000e+08,1.8035000000000000e+06,8.1435534000000000e+08,6.5460040000000000e+07,5.5251000000000000e+05,6.4907530000000000e+07,4.2768122000000000e+07,1.7853310000000000e+06,4.0982791000000000e+07,9.2438700200000000e+08,920245661.0000,3.8690180000000000e+07
"MIDDLEFIELD",8.3000000000000000e+01,8.2000000000000000e+01,3.1598890000000000e+08,1.6320800000000000e+07,1.5064500000000000e+07,1.8806000000000000e+06,9.2530000000000000e+05,3.5174930000000000e+08,2.2595000000000000e+06,3.4948980000000000e+08,3.3540450000000000e+07,1.9601000000000000e+05,3.3344440000000000e+07,3.2624310000000000e+07,1.4344280000000000e+07,1.8280030000000000e+07,4.1791406000000000e+08,401114270.0000,1.5692000000000000e+06
"MIDDLETOWN",8.4000000000000000e+01,8.3000000000000000e+01,2.0613485700000000e+09,3.2766410000000000e+08,1.7758086000000000e+08,2.3153560000000000e+07,2.4201411000000000e+08,2.9333100800000000e+09,2.2582601000000000e+07,2.9107274790000000e+09,2.7317363400000000e+08,4.3242700000000000e+06,2.6884936400000000e+08,5.3144651200000000e+08,1.2992771600000000e+08,4.0151879600000000e+08,3.7379302260000000e+09,3581095639.0000,1.0154888000000000e+08
"MILFORD",8.5000000000000000e+01,8.4000000000000000e+01,4.2771715770000000e+09,1.0171784500000000e+09,2.3976653000000000e+08,2.9969770000000000e+07,1.2042897000000000e+08,5.7528679070000000e+09,4.7790588000000000e+07,5.7050773190000000e+09,3.6406437700000000e+08,2.7761200000000000e+06,3.6128825700000000e+08,4.4551165000000000e+08,1.1213197800000000e+08,3.3337967200000000e+08,6.5624439340000000e+09,6399745248.0000,6.8352610000000000e+07
"MONROE",8.6000000000000000e+01,8.5000000000000000e+01,1.7843137910000000e+09,1.5247586700000000e+08,5.5196416000000000e+07,2.8978540000000000e+07,8.6121000000000000e+05,2.0798684520000000e+09,6.9198700000000000e+06,2.0729485820000000e+09,1.5668946800000000e+08,4.4640800000000000e+05,1.5624306000000000e+08,8.0346311000000000e+07,1.2822520000000000e+07,6.7523791000000000e+07,2.3169042310000000e+09,2296715433.0000,5.8042628000000000e+07
"MONTVILLE",8.7000000000000000e+01,8.6000000000000000e+01,8.5821593000000000e+08,1.1984877000000000e+08,3.0784970000000000e+07,2.1628590000000000e+07,1.2548480000000000e+07,1.0456577900000000e+09,3.7127700000000000e+06,1.0419450200000000e+09,1.2195877400000000e+08,6.3894200000000000e+06,1.1556935400000000e+08,1.7034401000000000e+08,3.3180832000000000e+07,1.3716317800000000e+08,1.3379605740000000e+09,1294677552.0000,2.6310500000000000e+06
"MORRIS",8.8000000000000000e+01,8.7000000000000000e+01,2.9460187000000000e+08,8.2953300000000000e+06,1.5806100000000000e+06,0.0000000000000000e+00,0.0000000000000000e+00,3.2413540000000000e+08,4.1750000000000000e+05,3.2371790000000000e+08,1.9508640000000000e+07,1.2476000000000000e+05,1.9383880000000000e+07,6.7128080000000000e+06,3.7049000000000000e+05,6.3423180000000000e+06,3.5035684800000000e+08,349444098.0000,1.9657590000000000e+07
"NAUGATUCK",8.9000000000000000e+01,8.8000000000000000e+01,1.5108070300000000e+09,1.4114932000000000e+08,6.4787580000000000e+07,7.8661100000000000e+06,5.1075340000000000e+07,1.8019939500000000e+09,1.3134920000000000e+07,1.7888590300000000e+09,1.7542973600000000e+08,1.9585900000000000e+06,1.7347114600000000e+08,9.7318460000000000e+07,2.5194830000000000e+07,7.2123630000000000e+07,2.0747421460000000e+09,2034453806.0000,2.6308570000000000e+07
"NEW BRITAIN",9.0000000000000000e+01,8.9000000000000000e+01,1.8716947750000000e+09,3.2654591000000000e+08,1.0493157000000000e+08,4.2973000000000000e+05,2.5021854000000000e+08,2.5680422950000000e+09,2.3166922000000000e+07,2.5448753730000000e+09,2.6514174800000000e+08,1.3649023000000000e+07,2.5149272500000000e+08,2.2506383200000000e+08,7.2718357000000000e+07,1.5234547500000000e+08,3.0582478750000000e+09,2948713573.0000,1.4221770000000000e+07
"NEW CANAAN",9.1000000000000000e+01,9.0000000000000000e+01,7.3885769810000000e+09,3.6139465500000000e+08,6.4981700000000000e+06,5.8134300000000000e+06,4.3724160000000000e+07,7.9354803560000000e+09,1.7805000000000000e+06,7.9336998560000000e+09,2.5367453000000000e+08,1.1967500000000000e+06,2.5247778000000000e+08,6.2467295000000000e+07,2.2640000000000000e+04,6.2444655000000000e+07,8.2516221810000000e+09,8248622291.0000,1.2947296000000000e+08
"NEW FAIRFIELD",9.2000000000000000e+01,9.1000000000000000e+01,1.5122398430000000e+09,3.3545200000000000e+07,3.0980000000000000e+06,2.0945500000000000e+07,0.0000000000000000e+00,1.5701903430000000e+09,5.7014000000000000e+06,1.5644889430000000e+09,1.1280474600000000e+08,2.1898000000000000e+05,1.1258576600000000e+08,1.8628996000000000e+07,1.2460000000000000e+04,1.8616536000000000e+07,1.7016240850000000e+09,1695691245.0000,3.6180000000000000e+05
"NEW HARTFORD",9.3000000000000000e+01,9.2000000000000000e+01,5.6827580000000000e+08,2.9351770000000000e+07,7.9667700000000000e+06,0.0000000000000000e+00,6.9090000000000000e+04,6.4173286500000000e+08,1.8234900000000000e+06,6.3990937500000000e+08,5.6030144000000000e+07,2.9332000000000000e+05,5.5736824000000000e+07,3.2717914000000000e+07,1.1644895000000000e+07,2.1073019000000000e+07,7.3048092300000000e+08,716719218.0000,3.6069435000000000e+07
"NEW HAVEN",9.4000000000000000e+01,9.3000000000000000e+01,2.7728947910000000e+09,2.1273517140000000e+09,2.8501044500000000e+08,4.3771490000000000e+07,0.0000000000000000e+00,5.2690426700000000e+09,1.7030221600000000e+08,5.0987404540000000e+09,3.6125091600000000e+08,5.4884000000000000e+06,3.5576251600000000e+08,6.0511921300000000e+08,6.4890467000000000e+07,5.4022874600000000e+08,6.2354127990000000e+09,5994731716.0000,4.0014230000000000e+07
"NEW LONDON",9.5000000000000000e+01,9.5000000000000000e+01,8.4626285300000000e+08,3.4711344400000000e+08,2.2532964000000000e+08,3.0009000000000000e+05,1.4409372000000000e+08,1.5751883170000000e+09,1.9837418600000000e+08,1.3768141310000000e+09,1.0494039300000000e+08,3.8255700000000000e+06,1.0111482300000000e+08,9.1856869000000000e+07,4.9545440000000000e+06,8.6902325000000000e+07,1.7719855790000000e+09,1564831279.0000,1.2088570000000000e+07
"NEW MILFORD",9.6000000000000000e+01,9.6000000000000000e+01,2.0262718600000000e+09,2.5678746500000000e+08,9.6309830000000000e+07,1.9751780000000000e+07,1.6755970000000000e+07,2.5587757500000000e+09,4.5640000000000000e+06,2.5542117500000000e+09,2.0644019500000000e+08,1.5341700000000000e+06,2.0490602500000000e+08,1.7485259000000000e+08,6.6871520000000000e+07,1.0798107000000000e+08,2.9400685350000000e+09,2867098845.0000,1.4289884500000000e+08
"NEWINGTON",9.7000000000000000e+01,9.4000000000000000e+01,1.6252100550000000e+09,3.7196052000000000e+08,1.2560947800000000e+08,0.0000000000000000e+00,6.3666928000000000e+07,2.2104026860000000e+09,7.8529200000000000e+06,2.2025497660000000e+09,2.1825594300000000e+08,1.7685700000000000e+06,2.1648737300000000e+08,1.8689179000000000e+08,5.2747740000000000e+07,1.3414405000000000e+08,2.6155504190000000e+09,2553181189.0000,2.3955705000000000e+07
"NEWTOWN",9.8000000000000000e+01,9.7000000000000000e+01,3.2377238820000000e+09,2.1841350800000000e+08,6.2275009000000000e+07,0.0000000000000000e+00,1.0289993000000000e+07,3.6481965070000000e+09,1.5591015000000000e+07,3.6326054920000000e+09,2.2754625600000000e+08,1.8552960000000000e+06,2.2569096000000000e+08,1.0808773900000000e+08,1.5971677000000000e+07,9.2116062000000000e+07,3.9838305020000000e+09,3950412514.0000,1.1949411500000000e+08
"NORFOLK",9.9000000000000000e+01,9.8000000000000000e+01,2.1916460000000000e+08,1.0318200000000000e+07,0.0000000000000000e+00,0.0000000000000000e+00,0.0000000000000000e+00,2.8990914000000000e+08,6.9850000000000000e+05,2.8921064000000000e+08,1.3934590000000000e+07,1.3368000000000000e+05,1.3800910000000000e+07,7.0455300000000000e+06,2.4002000000000000e+05,6.8055100000000000e+06,3.1088926000000000e+08,309817060.0000,6.0426340000000000e+07
"NORTH BRANFORD",1.0000000000000000e+02,9.9000000000000000e+01,9.3908768800000000e+08,1.1078900200000000e+08,3.7769500000000000e+07,1.2423700000000000e+06,1.1250040000000000e+07,1.1142331300000000e+09,3.1030000000000000e+06,1.1111301300000000e+09,1.1253865000000000e+08,1.2564650000000000e+06,1.1128218500000000e+08,5.5263286000000000e+07,1.8874660000000000e+07,3.6388626000000000e+07,1.2820350660000000e+09,1258800941.0000,1.4094530000000000e+07
"NORTH CANAAN",1.0100000000000000e+02,1.0000000000000000e+02,1.7988592000000000e+08,4.9340040000000000e+07,2.8351120000000000e+07,4.7534000000000000e+05,6.6235600000000000e+06,2.9653497000000000e+08,7.7539000000000000e+05,2.9575958000000000e+08,2.2826390000000000e+07,4.7000000000000000e+04,2.2779390000000000e+07,5.5874400000000000e+07,2.9945070000000000e+07,2.5929330000000000e+07,3.7523576000000000e+08,344468300.0000,3.1858990000000000e+07
"NORTH HAVEN",1.0200000000000000e+02,1.0100000000000000e+02,1.8113793800000000e+09,3.6424987000000000e+08,2.5411218500000000e+08,2.9888200000000000e+06,3.5609430000000000e+07,2.4759637550000000e+09,1.0397040000000000e+07,2.4655667150000000e+09,2.1032326600000000e+08,6.4754710000000000e+06,2.0384779500000000e+08,2.6929062500000000e+08,1.1196133000000000e+08,1.5732929500000000e+08,2.9555776460000000e+09,2826743805.0000,7.6240700000000000e+06
"NORTH STONINGTON",1.0300000000000000e+02,1.0200000000000000e+02,3.7200557000000000e+08,4.7166840000000000e+07,6.4432200000000000e+06,8.1186000000000000e+05,0.0000000000000000e+00,4.5907439500000000e+08,3.5922370000000000e+06,4.5548215800000000e+08,4.2907680000000000e+07,2.1761000000000000e+05,4.2690070000000000e+07,2.8329679000000000e+07,1.3307370000000000e+06,2.6998942000000000e+07,5.3031175400000000e+08,525171170.0000,3.2646905000000000e+07
"NORWALK",1.0400000000000000e+02,1.0300000000000000e+02,8.6741265530000000e+09,2.1757698820000000e+09,2.0082895000000000e+08,6.0839870000000000e+07,3.5090034700000000e+08,1.1574211222000000e+10,3.6265153000000000e+07,1.1537946069000000e+10,5.9056170300000000e+08,1.4133121000000000e+07,5.7642858200000000e+08,7.1890429500000000e+08,2.4446248000000000e+07,6.9445804700000000e+08,1.2883677220000000e+10,12808832698.0000,1.1174562000000000e+08
"NORWICH",1.0500000000000000e+02,1.0400000000000000e+02,1.5250567190000000e+09,3.9633120000000000e+08,5.6282000000000000e+07,2.2640000000000000e+06,9.8244500000000000e+07,2.1346826190000000e+09,2.3661227000000000e+07,2.1110213920000000e+09,1.9491695900000000e+08,3.7616500000000000e+06,1.9115530900000000e+08,1.4384573000000000e+08,1.3317322000000000e+07,1.3052840800000000e+08,2.4734453080000000e+09,2432705109.0000,5.6504200000000000e+07
"OLD LYME",1.0600000000000000e+02,1.0500000000000000e+02,1.4094137510000000e+09,5.4915019000000000e+07,1.0942500000000000e+07,4.4320000000000000e+05,3.0897550000000000e+06,1.5087518650000000e+09,3.5970000000000000e+06,1.5051548650000000e+09,6.9265645000000000e+07,4.1947000000000000e+05,6.8846175000000000e+07,2.8171650000000000e+07,1.6242000000000000e+05,2.8009230000000000e+07,1.6061891600000000e+09,1602010270.0000,2.9947640000000000e+07
"OLD SAYBROOK",1.0700000000000000e+02,1.0600000000000000e+02,2.0203945000000000e+09,2.4493140000000000e+08,2.0974500000000000e+07,3.7706000000000000e+06,1.6892000000000000e+06,2.3440979000000000e+09,1.1702252000000000e+07,2.3323956480000000e+09,9.4783440000000000e+07,3.7880000000000000e+05,9.4404640000000000e+07,5.8558510000000000e+07,4.2599900000000000e+06,5.4298520000000000e+07,2.4974398500000000e+09,2481098808.0000,5.2337700000000000e+07
"ORANGE",1.0800000000000000e+02,1.0700000000000000e+02,1.4992403000000000e+09,3.7698620000000000e+08,8.2093600000000000e+07,5.3210000000000000e+05,1.4523300000000000e+07,1.9993715000000000e+09,4.3095409800000000e+08,1.5684174020000000e+09,1.2307534000000000e+08,6.8181000000000000e+05,1.2239353000000000e+08,9.4693235000000000e+07,4.3787500000000000e+06,9.0314485000000000e+07,2.2171400750000000e+09,1781125417.0000,2.5996000000000000e+07
"OXFORD",1.0900000000000000e+02,1.0800000000000000e+02,1.0788512990000000e+09,3.4406500000000000e+07,5.3195200000000000e+07,0.0000000000000000e+00,4.0260000000000000e+05,1.2128944990000000e+09,3.8770000000000000e+06,1.2090174990000000e+09,1.0813756500000000e+08,6.3858000000000000e+05,1.0749898500000000e+08,9.4960780000000000e+07,8.4878600000000000e+06,8.6472920000000000e+07,1.4159928440000000e+09,1402989404.0000,4.6038900000000000e+07
"PLAINFIELD",1.1000000000000000e+02,1.0900000000000000e+02,6.5220622000000000e+08,1.0397289000000000e+08,7.2308960000000000e+07,2.2666700000000000e+06,2.7330310000000000e+07,9.3503116000000000e+08,3.1337100000000000e+07,9.0369406000000000e+08,8.5477230000000000e+07,9.5142000000000000e+05,8.4525810000000000e+07,7.3373550000000000e+07,2.6719370000000000e+07,4.6654180000000000e+07,1.0938819400000000e+09,1034874050.0000,7.6946110000000000e+07
"PLAINVILLE",1.1100000000000000e+02,1.1000000000000000e+02,8.0435607000000000e+08,1.9035027000000000e+08,9.3058370000000000e+07,4.8620000000000000e+05,2.5496800000000000e+06,1.1397767200000000e+09,6.2416400000000000e+06,1.1335350800000000e+09,1.3244891900000000e+08,2.4849970000000000e+06,1.2996392200000000e+08,9.9114770000000000e+07,2.6470220000000000e+07,7.2644550000000000e+07,1.3713404090000000e+09,1336143552.0000,4.8976130000000000e+07
"PLYMOUTH",1.1200000000000000e+02,1.1100000000000000e+02,5.5195213000000000e+08,3.2485300000000000e+07,2.4641830000000000e+07,0.0000000000000000e+00,2.7415000000000000e+05,6.5625414000000000e+08,2.6460000000000000e+06,6.5360814000000000e+08,8.1776115000000000e+07,3.5114000000000000e+05,8.1424975000000000e+07,2.7456120000000000e+07,5.7086500000000000e+06,2.1747470000000000e+07,7.6548637500000000e+08,756780585.0000,4.6900730000000000e+07
"POMFRET",1.1300000000000000e+02,1.1200000000000000e+02,2.7739660000000000e+08,1.5584300000000000e+07,8.1297000000000000e+06,1.6301000000000000e+06,1.9817000000000000e+06,3.1769935000000000e+08,1.5090000000000000e+06,3.1619035000000000e+08,3.0375657000000000e+07,1.1173100000000000e+06,2.9258347000000000e+07,1.4230915000000000e+07,2.4410080000000000e+06,1.1789907000000000e+07,3.6230592200000000e+08,357238604.0000,1.2976950000000000e+07
"PORTLAND",1.1400000000000000e+02,1.1300000000000000e+02,5.8909312000000000e+08,6.2374439000000000e+07,1.4812849000000000e+07,3.7709800000000000e+05,8.8942000000000000e+05,6.9708838600000000e+08,2.2855300000000000e+06,6.9480285600000000e+08,7.0311602000000000e+07,3.4655300000000000e+05,6.9965049000000000e+07,3.6699610000000000e+07,4.7714700000000000e+06,3.1928140000000000e+07,8.0409959800000000e+08,796696045.0000,2.9541460000000000e+07
"PRESTON",1.1500000000000000e+02,1.1400000000000000e+02,3.5453996000000000e+08,1.9169000000000000e+07,2.5313000000000000e+06,6.5780000000000000e+05,6.1990000000000000e+05,3.9956984000000000e+08,7.8028400000000000e+05,3.9878955600000000e+08,3.5987880000000000e+07,2.7751000000000000e+05,3.5710370000000000e+07,2.2953726000000000e+07,1.0570140000000000e+06,2.1896712000000000e+07,4.5851144600000000e+08,456396638.0000,2.2051880000000000e+07
"PROSPECT",1.1600000000000000e+02,1.1500000000000000e+02,6.3258177000000000e+08,4.3717000000000000e+07,9.1652100000000000e+06,0.0000000000000000e+00,7.1500000000000000e+05,6.9304464000000000e+08,4.4934600000000000e+06,6.8855118000000000e+08,7.4734160000000000e+07,9.8214000000000000e+05,7.3752020000000000e+07,2.5923437000000000e+07,4.3335500000000000e+06,2.1589887000000000e+07,7.9370223700000000e+08,783893087.0000,6.8656600000000000e+06
"PUTNAM",1.1700000000000000e+02,1.1600000000000000e+02,3.6266626000000000e+08,1.0296101000000000e+08,3.9785620000000000e+07,2.5820000000000000e+05,1.0162300000000000e+07,5.3289719000000000e+08,1.8127200000000000e+06,5.3108447000000000e+08,5.2970554000000000e+07,2.8710000000000000e+05,5.2683454000000000e+07,6.1947661000000000e+07,1.9119120000000000e+07,4.2828541000000000e+07,6.4781540500000000e+08,626596465.0000,1.7063800000000000e+07
"REDDING",1.1800000000000000e+02,1.1700000000000000e+02,1.6377409100000000e+09,1.3100783000000000e+08,4.5045100000000000e+06,3.9226500000000000e+06,0.0000000000000000e+00,1.8337856980000000e+09,6.2150000000000000e+05,1.8331641980000000e+09,9.0161927000000000e+07,6.2240000000000000e+04,9.0099687000000000e+07,7.1823676000000000e+07,2.0562500000000000e+05,7.1618051000000000e+07,1.9957713010000000e+09,1994881936.0000,5.6609798000000000e+07
"RIDGEFIELD",1.1900000000000000e+02,1.1800000000000000e+02,4.6726328950000000e+09,5.4801763600000000e+08,1.8286910000000000e+07,4.0500000000000000e+05,1.2369900000000000e+07,5.2836617310000000e+09,3.2118682000000000e+07,5.2515430490000000e+09,2.4511837300000000e+08,1.1506000000000000e+05,2.4500331300000000e+08,1.5417009600000000e+08,4.8432480000000000e+07,1.0573761600000000e+08,5.6829502000000000e+09,5602283978.0000,3.1949390000000000e+07
"ROCKY HILL",1.2000000000000000e+02,1.1900000000000000e+02,1.3098552850000000e+09,3.6079462000000000e+08,1.3282276000000000e+08,4.9220500000000000e+06,8.2830640000000000e+07,1.8983144750000000e+09,3.6125000000000000e+06,1.8947019750000000e+09,1.6167093000000000e+08,8.1372950000000000e+06,1.5353363500000000e+08,1.1688799500000000e+08,8.7888800000000000e+06,1.0809911500000000e+08,2.1768734000000000e+09,2156334725.0000,7.0891200000000000e+06
"ROXBURY",1.2100000000000000e+02,1.2000000000000000e+02,6.5877264700000000e+08,2.8930680000000000e+06,0.0000000000000000e+00,0.0000000000000000e+00,0.0000000000000000e+00,7.2462258000000000e+08,5.5206000000000000e+05,7.2407052000000000e+08,2.6536708000000000e+07,2.7280000000000000e+04,2.6509428000000000e+07,6.1649700000000000e+06,3.8520000000000000e+05,5.7797700000000000e+06,7.5732425800000000e+08,756359718.0000,6.2956865000000000e+07
"SALEM",1.2200000000000000e+02,1.2100000000000000e+02,2.8611548000000000e+08,1.6596900000000000e+07,1.8937000000000000e+06,0.0000000000000000e+00,0.0000000000000000e+00,3.1826722000000000e+08,1.7035000000000000e+06,3.1656372000000000e+08,3.2208063000000000e+07,3.7550000000000000e+05,3.1832563000000000e+07,1.1073552000000000e+07,5.8171000000000000e+05,1.0491842000000000e+07,3.6154883500000000e+08,358888125.0000,1.3661140000000000e+07
"SALISBURY",1.2300000000000000e+02,1.2200000000000000e+02,7.9355448000000000e+08,5.1963100000000000e+07,1.0459000000000000e+06,0.0000000000000000e+00,0.0000000000000000e+00,1.0962237000000000e+09,1.0690000000000000e+06,1.0951547000000000e+09,3.5361250000000000e+07,1.2415700000000000e+05,3.5237093000000000e+07,2.1270830000000000e+07,3.3431700000000000e+06,1.7927660000000000e+07,1.1528557800000000e+09,1148319453.0000,2.4966022000000000e+08
"SCOTLAND",1.2400000000000000e+02,1.2300000000000000e+02,1.1005150000000000e+08,9.1289000000000000e+05,4.0948000000000000e+05,4.1310000000000000e+04,0.0000000000000000e+00,1.1539528000000000e+08,4.8820000000000000e+05,1.1490708000000000e+08,1.0865320000000000e+07,1.1206000000000000e+05,1.0753260000000000e+07,4.1926800000000000e+06,5.9527000000000000e+05,3.5974100000000000e+06,1.3045328000000000e+08,129257750.0000,3.9801000000000000e+06
"SEYMOUR",1.2500000000000000e+02,1.2400000000000000e+02,9.0525720000000000e+08,7.0646100000000000e+07,3.7861390000000000e+07,1.6623600000000000e+06,1.4377230000000000e+07,1.0551640700000000e+09,7.5131300000000000e+06,1.0476509400000000e+09,1.0821399000000000e+08,7.9884000000000000e+05,1.0741515000000000e+08,5.9213440000000000e+07,1.9233740000000000e+07,3.9979700000000000e+07,1.2225915000000000e+09,1195045790.0000,2.5359790000000000e+07
"SHARON",1.2600000000000000e+02,1.2500000000000000e+02,7.0324934000000000e+08,4.0578200000000000e+07,0.0000000000000000e+00,1.6000000000000000e+03,0.0000000000000000e+00,8.0537434000000000e+08,1.9815000000000000e+06,8.0339284000000000e+08,2.5860530000000000e+07,1.2144000000000000e+05,2.5739090000000000e+07,1.8872715000000000e+07,6.5266500000000000e+05,1.8220050000000000e+07,8.5010758500000000e+08,847351980.0000,6.1545200000000000e+07
"SHELTON",1.2700000000000000e+02,1.2600000000000000e+02,2.9217090700000000e+09,6.4981940000000000e+08,1.6119335000000000e+08,2.8133560000000000e+07,6.2109760000000000e+07,3.8351075000000000e+09,8.9587500000000000e+06,3.8261487500000000e+09,3.1034452100000000e+08,1.9315400000000000e+06,3.0841298100000000e+08,3.8963619000000000e+08,5.0359420000000000e+07,3.3927677000000000e+08,4.5350882110000000e+09,4473838501.0000,1.2142360000000000e+07
"SHERMAN",1.2800000000000000e+02,1.2700000000000000e+02,6.9991155500000000e+08,1.8185000000000000e+06,0.0000000000000000e+00,1.5990000000000000e+06,1.9070000000000000e+06,7.1633981000000000e+08,2.9223180000000000e+06,7.1341749200000000e+08,3.4415810000000000e+07,7.0240000000000000e+04,3.4345570000000000e+07,8.0028430000000000e+06,2.1629700000000000e+05,7.7865460000000000e+06,7.5875846300000000e+08,755549608.0000,1.1103755000000000e+07
"SIMSBURY",1.2900000000000000e+02,1.2800000000000000e+02,1.9945152800000000e+09,2.7494829700000000e+08,2.6291220000000000e+07,0.0000000000000000e+00,2.3028060000000000e+07,2.3398104070000000e+09,5.2092490000000000e+06,2.3346011580000000e+09,1.8298724300000000e+08,2.6747100000000000e+05,1.8271977200000000e+08,9.2128709000000000e+07,9.9817210000000000e+06,8.2146988000000000e+07,2.6149263590000000e+09,2599467918.0000,2.1027550000000000e+07
"SOMERS",1.3000000000000000e+02,1.2900000000000000e+02,6.7446247000000000e+08,2.9904370000000000e+07,9.2715000000000000e+06,0.0000000000000000e+00,1.2643000000000000e+06,7.4027268000000000e+08,5.7195480000000000e+06,7.3455313200000000e+08,7.5652147000000000e+07,5.3749400000000000e+05,7.5114653000000000e+07,2.9179060000000000e+07,8.1306400000000000e+06,2.1048420000000000e+07,8.4510388700000000e+08,830716205.0000,2.5370040000000000e+07
"SOUTH WINDSOR",1.3100000000000000e+02,1.3200000000000000e+02,1.8845234390000000e+09,2.6515162000000000e+08,2.5278202100000000e+08,0.0000000000000000e+00,0.0000000000000000e+00,2.4375439600000000e+09,3.6242109000000000e+07,2.4013018510000000e+09,2.0812255000000000e+08,3.5625800000000000e+06,2.0455997000000000e+08,2.4664661000000000e+08,8.1250650000000000e+07,1.6539596000000000e+08,2.8923131200000000e+09,2771257781.0000,3.5086880000000000e+07
"SOUTHBURY",1.3200000000000000e+02,1.3000000000000000e+02,1.9970309610000000e+09,2.8968783000000000e+08,1.3106150000000000e+07,0.0000000000000000e+00,2.5983920000000000e+07,2.3446579910000000e+09,7.4269700000000000e+06,2.3372310210000000e+09,1.5409001000000000e+08,8.3523000000000000e+05,1.5325478000000000e+08,1.1572880100000000e+08,9.5934500000000000e+05,1.1476945600000000e+08,2.6144768020000000e+09,2605255257.0000,1.8849130000000000e+07
"SOUTHINGTON",1.3300000000000000e+02,1.3100000000000000e+02,2.6514910940000000e+09,4.0790249000000000e+08,7.1321440000000000e+07,3.7295600000000000e+06,2.4485910000000000e+07,3.2285878150000000e+09,2.3052808000000000e+07,3.2055350070000000e+09,3.4798932600000000e+08,1.0532860000000000e+07,3.3745646600000000e+08,2.1786310200000000e+08,4.5987361000000000e+07,1.7187574100000000e+08,3.7944402430000000e+09,3714867214.0000,6.9657321000000000e+07
"SPRAGUE",1.3400000000000000e+02,1.3300000000000000e+02,1.2582360000000000e+08,2.0522300000000000e+07,0.0000000000000000e+00,0.0000000000000000e+00,1.3826000000000000e+06,1.6028960000000000e+08,1.7342440000000000e+07,1.4294716000000000e+08,1.8509940000000000e+07,1.2572000000000000e+05,1.8384220000000000e+07,2.6795680000000000e+07,1.5597000000000000e+05,2.6639710000000000e+07,2.0559522000000000e+08,187971090.0000,1.2561100000000000e+07
"STAFFORD",1.3500000000000000e+02,1.3400000000000000e+02,5.6015259800000000e+08,4.0404843000000000e+07,2.4377685000000000e+07,0.0000000000000000e+00,6.6632090000000000e+06,6.5700369500000000e+08,7.5710100000000000e+06,6.4943268500000000e+08,8.3164330000000000e+07,1.3792900000000000e+06,8.1785040000000000e+07,7.6583400000000000e+07,4.0677930000000000e+07,3.5905470000000000e+07,8.1675142500000000e+08,767123195.0000,2.5405360000000000e+07
"STAMFORD",1.3600000000000000e+02,1.3500000000000000e+02,1.4472845604000000e+10,5.9560624110000000e+09,8.3085836000000000e+08,5.2954950000000000e+07,1.2933632400000000e+09,2.2606774045000000e+10,1.9744913600000000e+08,2.2409324909000000e+10,8.4565469900000000e+08,3.5592300000000000e+06,8.4209546900000000e+08,1.1460981470000000e+09,1.0311228500000000e+08,1.0429858620000000e+09,2.4598526891000000e+10,24294406240.0000,6.8948000000000000e+05
"STERLING",1.3700000000000000e+02,1.3600000000000000e+02,2.2087807000000000e+08,1.4548780000000000e+07,1.9208600000000000e+06,0.0000000000000000e+00,1.6766400000000000e+06,2.7692555000000000e+08,5.6050000000000000e+05,2.7636505000000000e+08,2.3790545000000000e+07,5.9410000000000000e+05,2.3196445000000000e+07,2.4683430000000000e+07,2.4481400000000000e+06,2.2235290000000000e+07,3.2539952500000000e+08,321796785.0000,3.7901200000000000e+07
"STONINGTON",1.3800000000000000e+02,1.3700000000000000e+02,2.3843209000000000e+09,4.2875459200000000e+08,3.3631800000000000e+07,8.6188100000000000e+06,1.8037200000000000e+07,2.9772919620000000e+09,1.2329120000000000e+07,2.9649628420000000e+09,1.3378963000000000e+08,1.6593600000000000e+06,1.3213027000000000e+08,1.0501665000000000e+08,1.4052243000000000e+07,9.0964407000000000e+07,3.2160982420000000e+09,3188057519.0000,1.0392866000000000e+08
"STRATFORD",1.3900000000000000e+02,1.3800000000000000e+02,3.1495298300000000e+09,4.1418479000000000e+08,3.2239588000000000e+08,2.2130500000000000e+06,3.8427060000000000e+07,3.9918908750000000e+09,2.8963660000000000e+07,3.9629272150000000e+09,3.2071187700000000e+08,2.6061800000000000e+06,3.1810569700000000e+08,4.5325518100000000e+08,2.0890255000000000e+08,2.4435263100000000e+08,4.7658579330000000e+09,4525385543.0000,6.5140265000000000e+07
"SUFFIELD",1.4000000000000000e+02,1.3900000000000000e+02,1.1443465400000000e+09,5.3582760000000000e+07,4.7802230000000000e+07,2.4644200000000000e+06,6.3648200000000000e+06,1.2663770700000000e+09,3.6123050000000000e+06,1.2627647650000000e+09,1.0638787900000000e+08,6.7464000000000000e+05,1.0571323900000000e+08,5.6716360000000000e+07,1.8140030000000000e+07,3.8576330000000000e+07,1.4294813090000000e+09,1407054334.0000,1.1816300000000000e+07
"THOMASTON",1.4100000000000000e+02,1.4000000000000000e+02,3.4623091000000000e+08,3.4903860000000000e+07,3.0416220000000000e+07,7.2880000000000000e+05,6.2899200000000000e+06,4.3921979600000000e+08,2.2873660000000000e+06,4.3693243000000000e+08,5.4202556000000000e+07,4.2918000000000000e+05,5.3773376000000000e+07,5.9821474000000000e+07,2.4529065000000000e+07,3.5292409000000000e+07,5.5324382600000000e+08,525998215.0000,2.0650086000000000e+07
"THOMPSON",1.4200000000000000e+02,1.4100000000000000e+02,4.8221232000000000e+08,2.1826200000000000e+07,8.1076000000000000e+06,1.7360000000000000e+05,2.3832000000000000e+06,5.3773341000000000e+08,7.4158200000000000e+06,5.3031759000000000e+08,6.4246970000000000e+07,4.6145000000000000e+05,6.3785520000000000e+07,2.1652340000000000e+07,7.3910780000000000e+06,1.4261262000000000e+07,6.2363272000000000e+08,608364372.0000,2.3030490000000000e+07
"TOLLAND",1.4300000000000000e+02,1.4200000000000000e+02,1.0573020500000000e+09,6.2937800000000000e+07,1.9129300000000000e+07,6.4631000000000000e+05,5.9010000000000000e+06,1.1516846400000000e+09,4.0829500000000000e+06,1.1476016900000000e+09,1.2097500700000000e+08,1.1286400000000000e+06,1.1984636700000000e+08,3.1391590000000000e+07,5.5996370000000000e+06,2.5791953000000000e+07,1.3040512370000000e+09,1293240010.0000,5.7681800000000000e+06
"TORRINGTON",1.4400000000000000e+02,1.4300000000000000e+02,1.5739705700000000e+09,3.3145177000000000e+08,5.9960280000000000e+07,3.6325000000000000e+05,2.8413800000000000e+07,2.0369727100000000e+09,2.8664160000000000e+07,2.0083085500000000e+09,2.1437011500000000e+08,4.1148700000000000e+06,2.1025524500000000e+08,1.7028453000000000e+08,2.9704990000000000e+07,1.4057954000000000e+08,2.4216273550000000e+09,2359143335.0000,4.2813040000000000e+07
"TRUMBULL",1.4500000000000000e+02,1.4400000000000000e+02,3.1061875440000000e+09,5.8805930000000000e+08,1.7344240000000000e+08,4.5306000000000000e+06,2.3086300000000000e+07,3.9289852440000000e+09,1.0292800000000000e+07,3.9186924440000000e+09,2.7486103400000000e+08,4.9219890000000000e+06,2.6993904500000000e+08,2.6526853500000000e+08,1.7721810000000000e+07,2.4754672500000000e+08,4.4691148130000000e+09,4436178214.0000,3.3679100000000000e+07
"UNION",1.4600000000000000e+02,1.4500000000000000e+02,7.5605540000000000e+07,2.4480600000000000e+06,4.8693000000000000e+05,3.0916000000000000e+06,0.0000000000000000e+00,8.7526140000000000e+07,3.2650000000000000e+05,8.7199640000000000e+07,7.4824000000000000e+06,8.1600000000000000e+03,7.4742400000000000e+06,3.0888400000000000e+06,1.5287000000000000e+05,2.9359700000000000e+06,9.8097380000000000e+07,97609850.0000,5.8940100000000000e+06
"VERNON",1.4700000000000000e+02,1.4600000000000000e+02,1.1302984500000000e+09,2.0776560000000000e+08,1.8007280000000000e+07,1.3270500000000000e+06,1.2836903000000000e+08,1.4944138500000000e+09,8.0106200000000000e+06,1.4864032300000000e+09,1.8153742900000000e+08,3.2154450000000000e+06,1.7832198400000000e+08,8.2581420000000000e+07,8.8669200000000000e+06,7.3714500000000000e+07,1.7585326990000000e+09,1738439714.0000,8.6464400000000000e+06
"VOLUNTOWN",1.4800000000000000e+02,1.4700000000000000e+02,1.5917196000000000e+08,5.6168400000000000e+06,1.5402000000000000e+06,1.0661000000000000e+05,3.9740000000000000e+04,1.7412438000000000e+08,1.1163000000000000e+06,1.7300808000000000e+08,1.7723903000000000e+07,1.5002500000000000e+05,1.7573878000000000e+07,5.2210860000000000e+06,8.4871000000000000e+05,4.3723760000000000e+06,1.9706936900000000e+08,194954334.0000,7.6490300000000000e+06
"WALLINGFORD",1.4900000000000000e+02,1.4800000000000000e+02,2.6891775300000000e+09,4.9177832000000000e+08,3.0551569000000000e+08,1.3516100000000000e+07,2.4090900000000000e+07,3.5634536700000000e+09,2.1134550000000000e+07,3.5423191200000000e+09,3.3376770800000000e+08,4.6274410000000000e+06,3.2914026700000000e+08,4.5780786000000000e+08,1.4893979300000000e+08,3.0886806700000000e+08,4.3550292380000000e+09,4180327454.0000,3.9375130000000000e+07
"WARREN",1.5000000000000000e+02,1.4900000000000000e+02,2.1982096000000000e+08,4.0356400000000000e+06,0.0000000000000000e+00,0.0000000000000000e+00,0.0000000000000000e+00,3.4103283000000000e+08,6.0700000000000000e+05,3.4042583000000000e+08,1.3644520000000000e+07,3.5790000000000000e+04,1.3608730000000000e+07,3.9891700000000000e+06,2.3107000000000000e+05,3.7581000000000000e+06,3.5866652000000000e+08,357792660.0000,1.1717623000000000e+08
"WASHINGTON",1.5100000000000000e+02,1.5000000000000000e+02,9.3999874000000000e+08,4.9455260000000000e+07,8.0996000000000000e+05,0.0000000000000000e+00,0.0000000000000000e+00,1.1997014300000000e+09,9.3173000000000000e+05,1.1987697000000000e+09,3.8048970000000000e+07,2.6489000000000000e+05,3.7784080000000000e+07,1.8844530000000000e+07,5.3005000000000000e+05,1.8314480000000000e+07,1.2565949300000000e+09,1254868260.0000,2.0943747000000000e+08
"WATERBURY",1.5200000000000000e+02,1.5100000000000000e+02,3.0870922040000000e+09,1.0069767320000000e+09,1.2882966000000000e+08,8.5966230000000000e+07,2.7036314700000000e+08,4.6522742330000000e+09,4.5597245000000000e+07,4.6066769880000000e+09,3.8941318800000000e+08,7.1137710000000000e+06,3.8229941700000000e+08,4.8292273800000000e+08,1.6409757000000000e+08,3.1882516800000000e+08,5.5246101590000000e+09,5307801573.0000,7.3046260000000000e+07
"WATERFORD",1.5300000000000000e+02,1.5200000000000000e+02,1.8554402500000000e+09,8.6756048000000000e+08,6.2488650000000000e+07,0.0000000000000000e+00,1.1332340000000000e+07,2.8355185200000000e+09,3.7139220000000000e+07,2.7983793000000000e+09,1.4873596200000000e+08,1.4864100000000000e+06,1.4724955200000000e+08,7.9923760000000000e+08,3.2231365000000000e+07,7.6700623500000000e+08,3.7834920820000000e+09,3712635087.0000,3.8696800000000000e+07
"WATERTOWN",1.5400000000000000e+02,1.5300000000000000e+02,1.4574125600000000e+09,1.1765691000000000e+08,1.0842473000000000e+08,1.3426300000000000e+06,1.1623700000000000e+07,1.6970590100000000e+09,7.8662320000000000e+06,1.6891927780000000e+09,1.7177037800000000e+08,1.2841360000000000e+06,1.7048624200000000e+08,1.3322987600000000e+08,5.1327618000000000e+07,8.1902258000000000e+07,2.0020592640000000e+09,1941581278.0000,5.9848000000000000e+05
"WEST HARTFORD",1.5500000000000000e+02,1.5500000000000000e+02,4.3688974100000000e+09,7.6004586000000000e+08,8.0865000000000000e+07,5.1571800000000000e+06,8.3845090000000000e+07,5.3289435100000000e+09,2.3414853000000000e+07,5.3055286570000000e+09,4.1357631900000000e+08,4.8621540000000000e+06,4.0871416500000000e+08,2.0137007000000000e+08,3.7593150000000000e+07,1.6377692000000000e+08,5.9438898990000000e+09,5878019742.0000,3.0132970000000000e+07
"WEST HAVEN",1.5600000000000000e+02,1.5600000000000000e+02,1.9946406640000000e+09,3.0080516100000000e+08,8.3122474000000000e+07,8.1162200000000000e+06,1.1315507000000000e+08,2.5214147090000000e+09,2.7631280000000000e+07,2.4937834290000000e+09,2.4802083000000000e+08,8.4206100000000000e+06,2.3960022000000000e+08,1.0191053200000000e+08,1.1743791000000000e+07,9.0166741000000000e+07,2.8713460710000000e+09,2823550390.0000,2.1575120000000000e+07
"WESTBROOK",1.5700000000000000e+02,1.5400000000000000e+02,8.6083240000000000e+08,1.0911802000000000e+08,2.6825410000000000e+07,0.0000000000000000e+00,5.6697900000000000e+06,1.0457406600000000e+09,4.4292000000000000e+06,1.0413114600000000e+09,5.3828622000000000e+07,7.8119000000000000e+05,5.3047432000000000e+07,5.8035360000000000e+07,2.7991701000000000e+07,3.0043659000000000e+07,1.1576046420000000e+09,1124402551.0000,4.3295040000000000e+07
"WESTON",1.5800000000000000e+02,1.5700000000000000e+02,2.4914238000000000e+09,2.4553900000000000e+07,0.0000000000000000e+00,3.3600000000000000e+06,0.0000000000000000e+00,2.5194328000000000e+09,1.5497000000000000e+06,2.5178831000000000e+09,1.1792407000000000e+08,2.2980000000000000e+05,1.1769427000000000e+08,1.9273848000000000e+07,3.0370000000000000e+04,1.9243478000000000e+07,2.6566307180000000e+09,2654820848.0000,9.5100000000000000e+04
"WESTPORT",1.5900000000000000e+02,1.5800000000000000e+02,7.7668144100000000e+09,1.1567397300000000e+09,8.4246000000000000e+06,6.8790000000000000e+06,1.0850680000000000e+07,9.0852765800000000e+09,1.1728000000000000e+07,9.0735485800000000e+09,3.1679115500000000e+08,5.8234000000000000e+05,3.1620881500000000e+08,2.5788165800000000e+08,5.0569000000000000e+05,2.5737596800000000e+08,9.6599493930000000e+09,9647133363.0000,1.3556816000000000e+08
"WETHERSFIELD",1.6000000000000000e+02,1.5900000000000000e+02,1.8122319500000000e+09,2.0733217000000000e+08,1.9841800000000000e+07,4.1287000000000000e+06,5.8118300000000000e+07,2.1021784200000000e+09,1.0901010000000000e+07,2.0912774100000000e+09,1.7626316000000000e+08,2.3572900000000000e+06,1.7390587000000000e+08,6.6414800000000000e+07,1.9526800000000000e+06,6.4462120000000000e+07,2.3448563800000000e+09,2329645400.0000,5.2550000000000000e+05
"WILLINGTON",1.6100000000000000e+02,1.6000000000000000e+02,3.3133865000000000e+08,4.9892380000000000e+07,4.5269200000000000e+06,5.0063000000000000e+05,2.2378570000000000e+07,4.2438608000000000e+08,4.9318000000000000e+05,4.2389290000000000e+08,4.1511660000000000e+07,8.6440000000000000e+04,4.1425220000000000e+07,1.5523485000000000e+07,1.7619800000000000e+06,1.3761505000000000e+07,4.8142122500000000e+08,479079625.0000,1.5748930000000000e+07
"WILTON",1.6200000000000000e+02,1.6100000000000000e+02,3.9877891500000000e+09,6.6123638000000000e+08,0.0000000000000000e+00,2.4267460000000000e+07,1.9432280000000000e+07,4.7425011900000000e+09,1.5150000000000000e+06,4.7409861900000000e+09,1.9646106000000000e+08,1.2431300000000000e+06,1.9521793000000000e+08,2.0949093000000000e+08,3.2748250000000000e+07,1.7674268000000000e+08,5.1484531800000000e+09,5112946800.0000,4.9775920000000000e+07
"WINCHESTER",1.6300000000000000e+02,1.6200000000000000e+02,6.1108274500000000e+08,6.1719510000000000e+07,1.7397380000000000e+07,4.7740000000000000e+04,1.5850450000000000e+07,7.3307390500000000e+08,6.1213800000000000e+06,7.2695252500000000e+08,6.5524007000000000e+07,7.6401100000000000e+05,6.4759996000000000e+07,4.4215043000000000e+07,1.7712790000000000e+07,2.6502253000000000e+07,8.4281295500000000e+08,818214774.0000,2.6976080000000000e+07
"WINDHAM",1.6400000000000000e+02,1.6300000000000000e+02,5.5202520500000000e+08,1.2366833500000000e+08,3.7712410000000000e+07,1.5396500000000000e+06,3.5332500000000000e+06,8.0560719000000000e+08,9.4158300000000000e+06,7.9619136000000000e+08,9.6278285000000000e+07,4.4050500000000000e+06,9.1873235000000000e+07,8.4066330000000000e+07,2.4696330000000000e+07,5.9370000000000000e+07,9.8595180500000000e+08,947434595.0000,8.7128340000000000e+07
"WINDSOR",1.6500000000000000e+02,1.6400000000000000e+02,1.6348248570000000e+09,4.8790831500000000e+08,3.5810108600000000e+08,4.0611900000000000e+06,1.6376696000000000e+07,2.5242918330000000e+09,2.5368629300000000e+08,2.2706055400000000e+09,2.0212465000000000e+08,2.2833900000000000e+06,1.9984126000000000e+08,5.1213154700000000e+08,7.4937654000000000e+07,4.3719389300000000e+08,3.2385480300000000e+09,2907640693.0000,2.3019689000000000e+07
"WINDSOR LOCKS",1.6600000000000000e+02,1.6500000000000000e+02,6.3560284000000000e+08,1.5137945000000000e+08,1.5685214000000000e+08,5.8280000000000000e+05,1.4995700000000000e+07,9.5956291000000000e+08,3.8284000000000000e+06,9.5573451000000000e+08,1.7146116800000000e+08,5.8101500000000000e+05,1.7088015300000000e+08,1.4892576100000000e+08,1.2205891000000000e+08,2.6866851000000000e+07,1.2799498390000000e+09,1153481514.0000,1.4998000000000000e+05
"WOLCOTT",1.6700000000000000e+02,1.6600000000000000e+02,1.0017497300000000e+09,4.4672510000000000e+07,3.0549680000000000e+07,3.0681800000000000e+06,5.7956500000000000e+06,1.1138444500000000e+09,6.1250000000000000e+06,1.1077194500000000e+09,1.2329753900000000e+08,1.6913590000000000e+06,1.2160618000000000e+08,3.9211890000000000e+07,1.3677210000000000e+07,2.5534680000000000e+07,1.2763538790000000e+09,1254860310.0000,2.8008700000000000e+07
"WOODBRIDGE",1.6800000000000000e+02,1.6700000000000000e+02,9.7066108000000000e+08,6.1401620000000000e+07,1.5979190000000000e+07,5.3158000000000000e+05,9.2498000000000000e+05,1.0659213100000000e+09,2.1015000000000000e+06,1.0638198100000000e+09,8.2917820000000000e+07,3.1591000000000000e+05,8.2601910000000000e+07,5.3024020000000000e+07,1.5258700000000000e+06,5.1498150000000000e+07,1.2018631500000000e+09,1197919870.0000,1.6422860000000000e+07
"WOODBURY",1.6900000000000000e+02,1.6800000000000000e+02,9.8869467000000000e+08,8.6945790000000000e+07,2.4618800000000000e+06,6.7300000000000000e+04,1.3866142000000000e+07,1.1282940020000000e+09,1.3096200000000000e+06,1.1269843820000000e+09,8.5034025000000000e+07,4.3582700000000000e+05,8.4598198000000000e+07,2.4054587000000000e+07,4.3930100000000000e+06,1.9661577000000000e+07,1.2373826140000000e+09,1231244157.0000,3.6258220000000000e+07
"WOODSTOCK",1.7000000000000000e+02,1.6900000000000000e+02,5.4300928000000000e+08,2.3730540000000000e+07,8.1213000000000000e+06,0.0000000000000000e+00,0.0000000000000000e+00,5.9657586000000000e+08,6.9983200000000000e+06,5.8957754000000000e+08,6.0472705000000000e+07,1.6605000000000000e+05,6.0306655000000000e+07,3.3157039000000000e+07,8.9578910000000000e+06,2.4199148000000000e+07,6.9020560400000000e+08,674083343.0000,2.1714740000000000e+07
