Municipality,numbered,Comptroller Town Code,County,Total Units,1 Unit,2 Unit,3 and 4 Units,5 Units or More,Demolitions,Valuation of Total Units,Valuation per Unit
"ANDOVER",1.0000000000000000e+00,1.0000000000000000e+00,"Tolland",4.0000000000000000e+00,4.0000000000000000e+00,0.0000000000000000e+00,0.0000000000000000e+00,0.0000000000000000e+00,0.0000000000000000e+00,754900.0000,188725.0000
"ANSONIA",2.0000000000000000e+00,2.0000000000000000e+00,"New Haven",0.0000000000000000e+00,0.0000000000000000e+00,0.0000000000000000e+00,0.0000000000000000e+00,0.0000000000000000e+00,0.0000000000000000e+00,0.0000,0.0000
"ASHFORD",3.0000000000000000e+00,3.0000000000000000e+00,"Windham",2.0000000000000000e+00,2.0000000000000000e+00,0.0000000000000000e+00,0.0000000000000000e+00,0.0000000000000000e+00,1.0000000000000000e+00,281500.0000,140750.0000
"AVON",4.0000000000000000e+00,4.0000000000000000e+00,"Hartford",3.1000000000000000e+01,3.1000000000000000e+01,0.0000000000000000e+00,0.0000000000000000e+00,0.0000000000000000e+00,4.0000000000000000e+00,10995334.0000,354688.1935
"BARKHAMSTED",5.0000000000000000e+00,5.0000000000000000e+00,"Litchfield",3.0000000000000000e+00,3.0000000000000000e+00,0.0000000000000000e+00,0.0000000000000000e+00,0.0000000000000000e+00,2.0000000000000000e+00,1035150.0000,345050.0000
"BEACON FALLS",6.0000000000000000e+00,6.0000000000000000e+00,"New Haven",2.1000000000000000e+01,1.7000000000000000e+01,4.0000000000000000e+00,0.0000000000000000e+00,0.0000000000000000e+00,0.0000000000000000e+00,2807221.0000,133677.1905
"BERLIN",7.0000000000000000e+00,7.0000000000000000e+00,"Hartford",2.8000000000000000e+01,2.8000000000000000e+01,0.0000000000000000e+00,0.0000000000000000e+00,0.0000000000000000e+00,5.0000000000000000e+00,4068917.0000,145318.4643
"BETHANY",8.0000000000000000e+00,8.0000000000000000e+00,"New Haven",3.0000000000000000e+00,3.0000000000000000e+00,0.0000000000000000e+00,0.0000000000000000e+00,0.0000000000000000e+00,0.0000000000000000e+00,1059502.0000,353167.3333
"BETHEL",9.0000000000000000e+00,9.0000000000000000e+00,"Fairfield",1.1800000000000000e+02,9.2000000000000000e+01,0.0000000000000000e+00,0.0000000000000000e+00,2.6000000000000000e+01,1.0000000000000000e+00,16279067.0000,137958.1949
"BETHLEHEM",1.0000000000000000e+01,1.0000000000000000e+01,"Litchfield",2.0000000000000000e+00,2.0000000000000000e+00,0.0000000000000000e+00,0.0000000000000000e+00,0.0000000000000000e+00,0.0000000000000000e+00,505000.0000,252500.0000
"BLOOMFIELD",1.1000000000000000e+01,1.1000000000000000e+01,"Hartford",1.6000000000000000e+01,1.6000000000000000e+01,0.0000000000000000e+00,0.0000000000000000e+00,0.0000000000000000e+00,2.0000000000000000e+00,2219720.0000,138732.5000
"BOLTON",1.2000000000000000e+01,1.2000000000000000e+01,"Tolland",5.0000000000000000e+00,5.0000000000000000e+00,0.0000000000000000e+00,0.0000000000000000e+00,0.0000000000000000e+00,1.0000000000000000e+00,1299000.0000,259800.0000
"BOZRAH",1.3000000000000000e+01,1.3000000000000000e+01,"New London",0.0000000000000000e+00,0.0000000000000000e+00,0.0000000000000000e+00,0.0000000000000000e+00,0.0000000000000000e+00,1.0000000000000000e+00,0.0000,0.0000
"BRANFORD",1.4000000000000000e+01,1.4000000000000000e+01,"New Haven",2.5000000000000000e+01,2.3000000000000000e+01,2.0000000000000000e+00,0.0000000000000000e+00,0.0000000000000000e+00,1.1000000000000000e+01,7979125.0000,319165.0000
"BRIDGEPORT",1.5000000000000000e+01,1.5000000000000000e+01,"Fairfield",1.1900000000000000e+02,1.5000000000000000e+01,2.0000000000000000e+00,0.0000000000000000e+00,1.0200000000000000e+02,1.3000000000000000e+02,17455860.0000,146687.8992
"BRIDGEWATER",1.6000000000000000e+01,1.6000000000000000e+01,"Litchfield",0.0000000000000000e+00,0.0000000000000000e+00,0.0000000000000000e+00,0.0000000000000000e+00,0.0000000000000000e+00,0.0000000000000000e+00,0.0000,0.0000
"BRISTOL",1.7000000000000000e+01,1.7000000000000000e+01,"Hartford",3.0000000000000000e+01,2.5000000000000000e+01,2.0000000000000000e+00,3.0000000000000000e+00,0.0000000000000000e+00,2.2000000000000000e+01,3144271.0000,104809.0333
"BROOKFIELD",1.8000000000000000e+01,1.8000000000000000e+01,"Fairfield",5.0000000000000000e+01,9.0000000000000000e+00,0.0000000000000000e+00,0.0000000000000000e+00,4.1000000000000000e+01,4.0000000000000000e+00,6606500.0000,132130.0000
"BROOKLYN",1.9000000000000000e+01,1.9000000000000000e+01,"Windham",8.0000000000000000e+00,8.0000000000000000e+00,0.0000000000000000e+00,0.0000000000000000e+00,0.0000000000000000e+00,5.0000000000000000e+00,1333000.0000,166625.0000
"BURLINGTON",2.0000000000000000e+01,2.0000000000000000e+01,"Hartford",1.7000000000000000e+01,1.7000000000000000e+01,0.0000000000000000e+00,0.0000000000000000e+00,0.0000000000000000e+00,0.0000000000000000e+00,4727225.0000,278072.0588
"CANAAN",2.1000000000000000e+01,2.1000000000000000e+01,"Litchfield",0.0000000000000000e+00,0.0000000000000000e+00,0.0000000000000000e+00,0.0000000000000000e+00,0.0000000000000000e+00,3.0000000000000000e+00,0.0000,0.0000
"CANTERBURY",2.2000000000000000e+01,2.2000000000000000e+01,"Windham",0.0000000000000000e+00,0.0000000000000000e+00,0.0000000000000000e+00,0.0000000000000000e+00,0.0000000000000000e+00,1.0000000000000000e+00,0.0000,0.0000
"CANTON",2.3000000000000000e+01,2.3000000000000000e+01,"Hartford",1.0000000000000000e+01,1.0000000000000000e+01,0.0000000000000000e+00,0.0000000000000000e+00,0.0000000000000000e+00,1.0000000000000000e+00,3274549.0000,327454.9000
"CHAPLIN",2.4000000000000000e+01,2.4000000000000000e+01,"Windham",1.0000000000000000e+00,1.0000000000000000e+00,0.0000000000000000e+00,0.0000000000000000e+00,0.0000000000000000e+00,0.0000000000000000e+00,150000.0000,150000.0000
"CHESHIRE",2.5000000000000000e+01,2.5000000000000000e+01,"New Haven",4.1000000000000000e+01,4.1000000000000000e+01,0.0000000000000000e+00,0.0000000000000000e+00,0.0000000000000000e+00,2.0000000000000000e+00,10886150.0000,265515.8537
"CHESTER",2.6000000000000000e+01,2.6000000000000000e+01,"Middlesex",0.0000000000000000e+00,0.0000000000000000e+00,0.0000000000000000e+00,0.0000000000000000e+00,0.0000000000000000e+00,0.0000000000000000e+00,0.0000,0.0000
"CLINTON",2.7000000000000000e+01,2.7000000000000000e+01,"Middlesex",6.0000000000000000e+00,6.0000000000000000e+00,0.0000000000000000e+00,0.0000000000000000e+00,0.0000000000000000e+00,3.0000000000000000e+00,1897535.0000,316255.8333
"COLCHESTER",2.8000000000000000e+01,2.8000000000000000e+01,"New London",3.2000000000000000e+01,3.2000000000000000e+01,0.0000000000000000e+00,0.0000000000000000e+00,0.0000000000000000e+00,2.0000000000000000e+00,5282000.0000,165062.5000
"COLEBROOK",2.9000000000000000e+01,2.9000000000000000e+01,"Litchfield",1.0000000000000000e+00,1.0000000000000000e+00,0.0000000000000000e+00,0.0000000000000000e+00,0.0000000000000000e+00,1.0000000000000000e+00,120000.0000,120000.0000
"COLUMBIA",3.0000000000000000e+01,3.0000000000000000e+01,"Tolland",1.3000000000000000e+01,1.3000000000000000e+01,0.0000000000000000e+00,0.0000000000000000e+00,0.0000000000000000e+00,2.0000000000000000e+00,2699000.0000,207615.3846
"CORNWALL",3.1000000000000000e+01,3.1000000000000000e+01,"Litchfield",1.0000000000000000e+00,1.0000000000000000e+00,0.0000000000000000e+00,0.0000000000000000e+00,0.0000000000000000e+00,1.0000000000000000e+00,95000.0000,95000.0000
"COVENTRY",3.2000000000000000e+01,3.2000000000000000e+01,"Tolland",3.2000000000000000e+01,3.0000000000000000e+01,2.0000000000000000e+00,0.0000000000000000e+00,0.0000000000000000e+00,2.0000000000000000e+00,5290156.0000,165317.3750
"CROMWELL",3.3000000000000000e+01,3.3000000000000000e+01,"Middlesex",1.9000000000000000e+01,1.9000000000000000e+01,0.0000000000000000e+00,0.0000000000000000e+00,0.0000000000000000e+00,0.0000000000000000e+00,5728395.0000,301494.4737
"DANBURY",3.4000000000000000e+01,3.4000000000000000e+01,"Fairfield",5.5100000000000000e+02,6.9000000000000000e+01,0.0000000000000000e+00,3.0000000000000000e+00,4.7900000000000000e+02,2.5000000000000000e+01,84810708.0000,153921.4301
"DARIEN",3.5000000000000000e+01,3.5000000000000000e+01,"Fairfield",6.4000000000000000e+01,4.8000000000000000e+01,0.0000000000000000e+00,0.0000000000000000e+00,1.6000000000000000e+01,3.6000000000000000e+01,56621000.0000,884703.1250
"DEEP RIVER",3.6000000000000000e+01,3.6000000000000000e+01,"Middlesex",1.0000000000000000e+00,1.0000000000000000e+00,0.0000000000000000e+00,0.0000000000000000e+00,0.0000000000000000e+00,0.0000000000000000e+00,180000.0000,180000.0000
"DERBY",3.7000000000000000e+01,3.7000000000000000e+01,"New Haven",5.0000000000000000e+00,5.0000000000000000e+00,0.0000000000000000e+00,0.0000000000000000e+00,0.0000000000000000e+00,1.1000000000000000e+01,510000.0000,102000.0000
"DURHAM",3.8000000000000000e+01,3.8000000000000000e+01,"Middlesex",6.0000000000000000e+00,6.0000000000000000e+00,0.0000000000000000e+00,0.0000000000000000e+00,0.0000000000000000e+00,3.0000000000000000e+00,1469650.0000,244941.6667
"EAST GRANBY",3.9000000000000000e+01,4.0000000000000000e+01,"Hartford",1.0000000000000000e+00,1.0000000000000000e+00,0.0000000000000000e+00,0.0000000000000000e+00,0.0000000000000000e+00,0.0000000000000000e+00,250000.0000,250000.0000
"EAST HADDAM",4.0000000000000000e+01,4.1000000000000000e+01,"Middlesex",6.0000000000000000e+00,6.0000000000000000e+00,0.0000000000000000e+00,0.0000000000000000e+00,0.0000000000000000e+00,0.0000000000000000e+00,1686172.0000,281028.6667
"EAST HAMPTON",4.1000000000000000e+01,4.2000000000000000e+01,"Middlesex",4.8000000000000000e+01,1.9000000000000000e+01,2.0000000000000000e+00,3.0000000000000000e+00,2.4000000000000000e+01,2.0000000000000000e+00,5100690.0000,106264.3750
"EAST HARTFORD",4.2000000000000000e+01,4.3000000000000000e+01,"Hartford",3.0000000000000000e+00,3.0000000000000000e+00,0.0000000000000000e+00,0.0000000000000000e+00,0.0000000000000000e+00,1.0000000000000000e+00,525000.0000,175000.0000
"EAST HAVEN",4.3000000000000000e+01,4.4000000000000000e+01,"New Haven",1.9000000000000000e+01,1.9000000000000000e+01,0.0000000000000000e+00,0.0000000000000000e+00,0.0000000000000000e+00,1.1000000000000000e+01,2322230.0000,122222.6316
"EAST LYME",4.4000000000000000e+01,4.5000000000000000e+01,"New London",1.0600000000000000e+02,3.7000000000000000e+01,0.0000000000000000e+00,4.0000000000000000e+00,6.5000000000000000e+01,1.5000000000000000e+01,16247476.0000,153278.0755
"EAST WINDSOR",4.5000000000000000e+01,4.7000000000000000e+01,"Hartford",1.3000000000000000e+01,1.3000000000000000e+01,0.0000000000000000e+00,0.0000000000000000e+00,0.0000000000000000e+00,1.4000000000000000e+01,2186418.0000,168186.0000
"EASTFORD",4.6000000000000000e+01,3.9000000000000000e+01,"Windham",3.0000000000000000e+00,3.0000000000000000e+00,0.0000000000000000e+00,0.0000000000000000e+00,0.0000000000000000e+00,3.0000000000000000e+00,771602.0000,257200.6667
"EASTON",4.7000000000000000e+01,4.6000000000000000e+01,"Fairfield",5.0000000000000000e+00,5.0000000000000000e+00,0.0000000000000000e+00,0.0000000000000000e+00,0.0000000000000000e+00,0.0000000000000000e+00,1955096.0000,391019.2000
"ELLINGTON",4.8000000000000000e+01,4.8000000000000000e+01,"Tolland",1.1200000000000000e+02,4.1000000000000000e+01,0.0000000000000000e+00,0.0000000000000000e+00,7.1000000000000000e+01,3.0000000000000000e+00,17348716.0000,154899.2500
"ENFIELD",4.9000000000000000e+01,4.9000000000000000e+01,"Hartford",1.6000000000000000e+01,6.0000000000000000e+00,0.0000000000000000e+00,0.0000000000000000e+00,1.0000000000000000e+01,4.0000000000000000e+00,2037000.0000,127312.5000
"ESSEX",5.0000000000000000e+01,5.0000000000000000e+01,"Middlesex",4.0000000000000000e+00,4.0000000000000000e+00,0.0000000000000000e+00,0.0000000000000000e+00,0.0000000000000000e+00,1.0000000000000000e+00,1749649.0000,437412.2500
"FAIRFIELD",5.1000000000000000e+01,5.1000000000000000e+01,"Fairfield",9.8000000000000000e+01,8.1000000000000000e+01,4.0000000000000000e+00,0.0000000000000000e+00,1.3000000000000000e+01,8.1000000000000000e+01,31601198.0000,322461.2041
"FARMINGTON",5.2000000000000000e+01,5.2000000000000000e+01,"Hartford",3.1000000000000000e+01,3.1000000000000000e+01,0.0000000000000000e+00,0.0000000000000000e+00,0.0000000000000000e+00,1.7000000000000000e+01,7238737.0000,233507.6452
"FRANKLIN",5.3000000000000000e+01,5.3000000000000000e+01,"New London",0.0000000000000000e+00,0.0000000000000000e+00,0.0000000000000000e+00,0.0000000000000000e+00,0.0000000000000000e+00,0.0000000000000000e+00,0.0000,0.0000
"GLASTONBURY",5.4000000000000000e+01,5.4000000000000000e+01,"Hartford",4.1000000000000000e+01,3.9000000000000000e+01,2.0000000000000000e+00,0.0000000000000000e+00,0.0000000000000000e+00,9.0000000000000000e+00,12153000.0000,296414.6341
"GOSHEN",5.5000000000000000e+01,5.5000000000000000e+01,"Litchfield",3.0000000000000000e+00,3.0000000000000000e+00,0.0000000000000000e+00,0.0000000000000000e+00,0.0000000000000000e+00,1.0000000000000000e+00,650000.0000,216666.6667
"GRANBY",5.6000000000000000e+01,5.6000000000000000e+01,"Hartford",7.0000000000000000e+00,7.0000000000000000e+00,0.0000000000000000e+00,0.0000000000000000e+00,0.0000000000000000e+00,0.0000000000000000e+00,1308000.0000,186857.1429
"GREENWICH",5.7000000000000000e+01,5.7000000000000000e+01,"Fairfield",1.3800000000000000e+02,1.3800000000000000e+02,0.0000000000000000e+00,0.0000000000000000e+00,0.0000000000000000e+00,9.6000000000000000e+01,157367734.0000,1140345.8986
"GRISWOLD",5.8000000000000000e+01,5.8000000000000000e+01,"New London",4.0000000000000000e+00,4.0000000000000000e+00,0.0000000000000000e+00,0.0000000000000000e+00,0.0000000000000000e+00,1.0000000000000000e+00,1067854.0000,266963.5000
"GROTON",5.9000000000000000e+01,5.9000000000000000e+01,"New London",2.2000000000000000e+01,2.0000000000000000e+01,2.0000000000000000e+00,0.0000000000000000e+00,0.0000000000000000e+00,5.0000000000000000e+00,3907400.0000,177609.0909
"GUILFORD",6.1000000000000000e+01,6.0000000000000000e+01,"New Haven",2.1000000000000000e+01,2.1000000000000000e+01,0.0000000000000000e+00,0.0000000000000000e+00,0.0000000000000000e+00,0.0000000000000000e+00,9848686.0000,468985.0476
"HADDAM",6.2000000000000000e+01,6.1000000000000000e+01,"Middlesex",1.2000000000000000e+01,1.2000000000000000e+01,0.0000000000000000e+00,0.0000000000000000e+00,0.0000000000000000e+00,2.0000000000000000e+00,2664583.0000,222048.5833
"HAMDEN",6.3000000000000000e+01,6.2000000000000000e+01,"New Haven",3.3000000000000000e+01,4.0000000000000000e+00,0.0000000000000000e+00,0.0000000000000000e+00,2.9000000000000000e+01,1.0000000000000000e+00,2676304.0000,81100.1212
"HAMPTON",6.4000000000000000e+01,6.3000000000000000e+01,"Windham",0.0000000000000000e+00,0.0000000000000000e+00,0.0000000000000000e+00,0.0000000000000000e+00,0.0000000000000000e+00,0.0000000000000000e+00,0.0000,0.0000
"HARTFORD",6.5000000000000000e+01,6.4000000000000000e+01,"Hartford",6.0000000000000000e+00,4.0000000000000000e+00,2.0000000000000000e+00,0.0000000000000000e+00,0.0000000000000000e+00,8.8000000000000000e+01,638052.0000,106342.0000
"HARTLAND",6.6000000000000000e+01,6.5000000000000000e+01,"Hartford",1.0000000000000000e+00,1.0000000000000000e+00,0.0000000000000000e+00,0.0000000000000000e+00,0.0000000000000000e+00,0.0000000000000000e+00,255000.0000,255000.0000
"HARWINTON",6.7000000000000000e+01,6.6000000000000000e+01,"Litchfield",5.0000000000000000e+00,5.0000000000000000e+00,0.0000000000000000e+00,0.0000000000000000e+00,0.0000000000000000e+00,0.0000000000000000e+00,1417000.0000,283400.0000
"HEBRON",6.8000000000000000e+01,6.7000000000000000e+01,"Tolland",1.4000000000000000e+01,1.4000000000000000e+01,0.0000000000000000e+00,0.0000000000000000e+00,0.0000000000000000e+00,0.0000000000000000e+00,3812792.0000,272342.2857
"KENT",6.9000000000000000e+01,6.8000000000000000e+01,"Litchfield",1.0000000000000000e+00,1.0000000000000000e+00,0.0000000000000000e+00,0.0000000000000000e+00,0.0000000000000000e+00,3.0000000000000000e+00,650000.0000,650000.0000
"KILLINGLY",7.0000000000000000e+01,6.9000000000000000e+01,"Windham",2.0000000000000000e+01,1.4000000000000000e+01,2.0000000000000000e+00,4.0000000000000000e+00,0.0000000000000000e+00,0.0000000000000000e+00,2660903.0000,133045.1500
"KILLINGWORTH",7.1000000000000000e+01,7.0000000000000000e+01,"Middlesex",4.0000000000000000e+00,4.0000000000000000e+00,0.0000000000000000e+00,0.0000000000000000e+00,0.0000000000000000e+00,6.0000000000000000e+00,1224395.0000,306098.7500
"LEBANON",7.2000000000000000e+01,7.1000000000000000e+01,"New London",2.0000000000000000e+00,2.0000000000000000e+00,0.0000000000000000e+00,0.0000000000000000e+00,0.0000000000000000e+00,5.0000000000000000e+00,310000.0000,155000.0000
"LEDYARD",7.3000000000000000e+01,7.2000000000000000e+01,"New London",1.3000000000000000e+01,1.3000000000000000e+01,0.0000000000000000e+00,0.0000000000000000e+00,0.0000000000000000e+00,7.0000000000000000e+00,2232000.0000,171692.3077
"LISBON",7.4000000000000000e+01,7.3000000000000000e+01,"New London",5.0000000000000000e+00,5.0000000000000000e+00,0.0000000000000000e+00,0.0000000000000000e+00,0.0000000000000000e+00,0.0000000000000000e+00,1318000.0000,263600.0000
"LITCHFIELD",7.5000000000000000e+01,7.4000000000000000e+01,"Litchfield",9.0000000000000000e+00,9.0000000000000000e+00,0.0000000000000000e+00,0.0000000000000000e+00,0.0000000000000000e+00,1.0000000000000000e+00,2731670.0000,303518.8889
"LYME",7.6000000000000000e+01,7.5000000000000000e+01,"New London",3.0000000000000000e+00,3.0000000000000000e+00,0.0000000000000000e+00,0.0000000000000000e+00,0.0000000000000000e+00,2.0000000000000000e+00,755828.0000,251942.6667
"MADISON",7.7000000000000000e+01,7.6000000000000000e+01,"New Haven",1.8000000000000000e+01,1.8000000000000000e+01,0.0000000000000000e+00,0.0000000000000000e+00,0.0000000000000000e+00,3.0000000000000000e+00,10994499.0000,610805.5000
"MANCHESTER",7.8000000000000000e+01,7.7000000000000000e+01,"Hartford",1.1800000000000000e+02,6.0000000000000000e+00,4.0000000000000000e+00,0.0000000000000000e+00,1.0800000000000000e+02,7.0000000000000000e+00,7482064.0000,63407.3220
"MANSFIELD",7.9000000000000000e+01,7.8000000000000000e+01,"Tolland",8.0000000000000000e+00,8.0000000000000000e+00,0.0000000000000000e+00,0.0000000000000000e+00,0.0000000000000000e+00,5.0000000000000000e+00,3060061.0000,382507.6250
"MARLBOROUGH",8.0000000000000000e+01,7.9000000000000000e+01,"Hartford",4.0000000000000000e+00,4.0000000000000000e+00,0.0000000000000000e+00,0.0000000000000000e+00,0.0000000000000000e+00,0.0000000000000000e+00,989000.0000,247250.0000
"MERIDEN",8.1000000000000000e+01,8.0000000000000000e+01,"New Haven",0.0000000000000000e+00,0.0000000000000000e+00,0.0000000000000000e+00,0.0000000000000000e+00,0.0000000000000000e+00,8.0000000000000000e+00,0.0000,0.0000
"MIDDLEBURY",8.2000000000000000e+01,8.1000000000000000e+01,"New Haven",2.1000000000000000e+01,4.0000000000000000e+00,2.0000000000000000e+00,1.5000000000000000e+01,0.0000000000000000e+00,0.0000000000000000e+00,5499586.0000,261885.0476
"MIDDLEFIELD",8.3000000000000000e+01,8.2000000000000000e+01,"Middlesex",6.0000000000000000e+00,6.0000000000000000e+00,0.0000000000000000e+00,0.0000000000000000e+00,0.0000000000000000e+00,4.0000000000000000e+00,1246500.0000,207750.0000
"MIDDLETOWN",8.4000000000000000e+01,8.3000000000000000e+01,"Middlesex",1.2300000000000000e+02,3.0000000000000000e+01,0.0000000000000000e+00,0.0000000000000000e+00,9.3000000000000000e+01,3.0000000000000000e+00,22639101.0000,184057.7317
"MILFORD",8.5000000000000000e+01,8.4000000000000000e+01,"New Haven",3.5800000000000000e+02,2.8000000000000000e+01,0.0000000000000000e+00,0.0000000000000000e+00,3.3000000000000000e+02,0.0000000000000000e+00,24917204.0000,69601.1285
"MONROE",8.6000000000000000e+01,8.5000000000000000e+01,"Fairfield",5.0000000000000000e+00,5.0000000000000000e+00,0.0000000000000000e+00,0.0000000000000000e+00,0.0000000000000000e+00,3.0000000000000000e+00,1185634.0000,237126.8000
"MONTVILLE",8.7000000000000000e+01,8.6000000000000000e+01,"New London",8.0000000000000000e+00,8.0000000000000000e+00,0.0000000000000000e+00,0.0000000000000000e+00,0.0000000000000000e+00,8.0000000000000000e+00,2213115.0000,276639.3750
"MORRIS",8.8000000000000000e+01,8.7000000000000000e+01,"Litchfield",1.0000000000000000e+00,1.0000000000000000e+00,0.0000000000000000e+00,0.0000000000000000e+00,0.0000000000000000e+00,0.0000000000000000e+00,200000.0000,200000.0000
"NAUGATUCK",8.9000000000000000e+01,8.8000000000000000e+01,"New Haven",1.8000000000000000e+01,1.8000000000000000e+01,0.0000000000000000e+00,0.0000000000000000e+00,0.0000000000000000e+00,5.0000000000000000e+00,2794000.0000,155222.2222
"NEW BRITAIN",9.0000000000000000e+01,8.9000000000000000e+01,"Hartford",6.0000000000000000e+00,6.0000000000000000e+00,0.0000000000000000e+00,0.0000000000000000e+00,0.0000000000000000e+00,1.3000000000000000e+01,722000.0000,120333.3333
"NEW CANAAN",9.1000000000000000e+01,9.0000000000000000e+01,"Fairfield",4.1000000000000000e+01,4.1000000000000000e+01,0.0000000000000000e+00,0.0000000000000000e+00,0.0000000000000000e+00,4.2000000000000000e+01,39354260.0000,959860.0000
"NEW FAIRFIELD",9.2000000000000000e+01,9.1000000000000000e+01,"Fairfield",1.2000000000000000e+01,1.2000000000000000e+01,0.0000000000000000e+00,0.0000000000000000e+00,0.0000000000000000e+00,0.0000000000000000e+00,3974440.0000,331203.3333
"NEW HARTFORD",9.3000000000000000e+01,9.2000000000000000e+01,"Litchfield",5.0000000000000000e+00,5.0000000000000000e+00,0.0000000000000000e+00,0.0000000000000000e+00,0.0000000000000000e+00,0.0000000000000000e+00,1545000.0000,309000.0000
"NEW HAVEN",9.4000000000000000e+01,9.3000000000000000e+01,"New Haven",2.6200000000000000e+02,8.0000000000000000e+00,0.0000000000000000e+00,2.2000000000000000e+01,2.3200000000000000e+02,1.3000000000000000e+01,26886071.0000,102618.5916
"NEW LONDON",9.5000000000000000e+01,9.5000000000000000e+01,"New London",4.1000000000000000e+01,4.1000000000000000e+01,0.0000000000000000e+00,0.0000000000000000e+00,0.0000000000000000e+00,0.0000000000000000e+00,6785705.0000,165505.0000
"NEW MILFORD",9.6000000000000000e+01,9.6000000000000000e+01,"Litchfield",2.2000000000000000e+01,2.2000000000000000e+01,0.0000000000000000e+00,0.0000000000000000e+00,0.0000000000000000e+00,0.0000000000000000e+00,4968248.0000,225829.4545
"NEWINGTON",9.7000000000000000e+01,9.4000000000000000e+01,"Hartford",1.4000000000000000e+01,1.4000000000000000e+01,0.0000000000000000e+00,0.0000000000000000e+00,0.0000000000000000e+00,0.0000000000000000e+00,3094765.0000,221054.6429
"NEWTOWN",9.8000000000000000e+01,9.7000000000000000e+01,"Fairfield",2.9000000000000000e+01,2.9000000000000000e+01,0.0000000000000000e+00,0.0000000000000000e+00,0.0000000000000000e+00,0.0000000000000000e+00,9124547.0000,314639.5517
"NORFOLK",9.9000000000000000e+01,9.8000000000000000e+01,"Litchfield",1.0000000000000000e+00,1.0000000000000000e+00,0.0000000000000000e+00,0.0000000000000000e+00,0.0000000000000000e+00,0.0000000000000000e+00,490000.0000,490000.0000
"NORTH BRANFORD",1.0000000000000000e+02,9.9000000000000000e+01,"New Haven",4.0000000000000000e+00,4.0000000000000000e+00,0.0000000000000000e+00,0.0000000000000000e+00,0.0000000000000000e+00,0.0000000000000000e+00,910655.0000,227663.7500
"NORTH CANAAN",1.0100000000000000e+02,1.0000000000000000e+02,"Litchfield",1.0000000000000000e+00,1.0000000000000000e+00,0.0000000000000000e+00,0.0000000000000000e+00,0.0000000000000000e+00,9.0000000000000000e+00,279000.0000,0.0000
"NORTH HAVEN",1.0200000000000000e+02,1.0100000000000000e+02,"New Haven",8.0000000000000000e+00,8.0000000000000000e+00,0.0000000000000000e+00,0.0000000000000000e+00,0.0000000000000000e+00,8.0000000000000000e+00,1575985.0000,196998.1250
"NORTH STONINGTON",1.0300000000000000e+02,1.0200000000000000e+02,"New London",7.0000000000000000e+00,7.0000000000000000e+00,0.0000000000000000e+00,0.0000000000000000e+00,0.0000000000000000e+00,0.0000000000000000e+00,1263000.0000,180428.5714
"NORWALK",1.0400000000000000e+02,1.0300000000000000e+02,"Fairfield",3.5000000000000000e+02,2.5000000000000000e+01,6.0000000000000000e+00,0.0000000000000000e+00,3.1900000000000000e+02,3.6000000000000000e+01,51019618.0000,145770.3371
"NORWICH",1.0500000000000000e+02,1.0400000000000000e+02,"New London",4.0000000000000000e+00,4.0000000000000000e+00,0.0000000000000000e+00,0.0000000000000000e+00,0.0000000000000000e+00,9.0000000000000000e+00,1528544.0000,382136.0000
"OLD LYME",1.0600000000000000e+02,1.0500000000000000e+02,"New London",1.5000000000000000e+01,1.5000000000000000e+01,0.0000000000000000e+00,0.0000000000000000e+00,0.0000000000000000e+00,0.0000000000000000e+00,5458100.0000,363873.3333
"OLD SAYBROOK",1.0700000000000000e+02,1.0600000000000000e+02,"Middlesex",1.3000000000000000e+01,1.3000000000000000e+01,0.0000000000000000e+00,0.0000000000000000e+00,0.0000000000000000e+00,1.6000000000000000e+01,5317988.0000,409076.0000
"ORANGE",1.0800000000000000e+02,1.0700000000000000e+02,"New Haven",2.0000000000000000e+01,2.0000000000000000e+01,0.0000000000000000e+00,0.0000000000000000e+00,0.0000000000000000e+00,2.0000000000000000e+00,4995384.0000,249769.2000
"OXFORD",1.0900000000000000e+02,1.0800000000000000e+02,"New Haven",1.6000000000000000e+01,1.6000000000000000e+01,0.0000000000000000e+00,0.0000000000000000e+00,0.0000000000000000e+00,3.0000000000000000e+00,3318000.0000,207375.0000
"PLAINFIELD",1.1000000000000000e+02,1.0900000000000000e+02,"Windham",1.5000000000000000e+01,1.5000000000000000e+01,0.0000000000000000e+00,0.0000000000000000e+00,0.0000000000000000e+00,5.0000000000000000e+00,1581000.0000,105400.0000
"PLAINVILLE",1.1100000000000000e+02,1.1000000000000000e+02,"Hartford",8.0000000000000000e+00,8.0000000000000000e+00,0.0000000000000000e+00,0.0000000000000000e+00,0.0000000000000000e+00,1.0000000000000000e+00,1544600.0000,193075.0000
"PLYMOUTH",1.1200000000000000e+02,1.1100000000000000e+02,"Litchfield",5.0000000000000000e+00,5.0000000000000000e+00,0.0000000000000000e+00,0.0000000000000000e+00,0.0000000000000000e+00,0.0000000000000000e+00,600000.0000,120000.0000
"POMFRET",1.1300000000000000e+02,1.1200000000000000e+02,"Windham",5.0000000000000000e+00,5.0000000000000000e+00,0.0000000000000000e+00,0.0000000000000000e+00,0.0000000000000000e+00,0.0000000000000000e+00,1000000.0000,200000.0000
"PORTLAND",1.1400000000000000e+02,1.1300000000000000e+02,"Middlesex",6.0000000000000000e+00,6.0000000000000000e+00,0.0000000000000000e+00,0.0000000000000000e+00,0.0000000000000000e+00,3.0000000000000000e+00,1310000.0000,218333.3333
"PRESTON",1.1500000000000000e+02,1.1400000000000000e+02,"New London",1.1000000000000000e+01,1.1000000000000000e+01,0.0000000000000000e+00,0.0000000000000000e+00,0.0000000000000000e+00,4.0000000000000000e+00,2591652.0000,0.0000
"PROSPECT",1.1600000000000000e+02,1.1500000000000000e+02,"New Haven",2.9000000000000000e+01,2.3000000000000000e+01,6.0000000000000000e+00,0.0000000000000000e+00,0.0000000000000000e+00,5.0000000000000000e+00,3826976.0000,131964.6897
"PUTNAM",1.1700000000000000e+02,1.1600000000000000e+02,"Windham",3.0000000000000000e+00,3.0000000000000000e+00,0.0000000000000000e+00,0.0000000000000000e+00,0.0000000000000000e+00,6.0000000000000000e+00,811351.0000,270450.3333
"REDDING",1.1800000000000000e+02,1.1700000000000000e+02,"Fairfield",5.0000000000000000e+00,5.0000000000000000e+00,0.0000000000000000e+00,0.0000000000000000e+00,0.0000000000000000e+00,1.0000000000000000e+00,2293735.0000,458747.0000
"RIDGEFIELD",1.1900000000000000e+02,1.1800000000000000e+02,"Fairfield",2.6000000000000000e+01,1.6000000000000000e+01,0.0000000000000000e+00,0.0000000000000000e+00,1.0000000000000000e+01,1.2000000000000000e+01,9941935.0000,382382.1154
"ROCKY HILL",1.2000000000000000e+02,1.1900000000000000e+02,"Hartford",1.1000000000000000e+02,1.4000000000000000e+01,0.0000000000000000e+00,0.0000000000000000e+00,9.6000000000000000e+01,2.0000000000000000e+00,11444900.0000,104044.5455
"ROXBURY",1.2100000000000000e+02,1.2000000000000000e+02,"Litchfield",2.0000000000000000e+00,2.0000000000000000e+00,0.0000000000000000e+00,0.0000000000000000e+00,0.0000000000000000e+00,1.0000000000000000e+00,1000000.0000,500000.0000
"SALEM",1.2200000000000000e+02,1.2100000000000000e+02,"New London",9.0000000000000000e+00,9.0000000000000000e+00,0.0000000000000000e+00,0.0000000000000000e+00,0.0000000000000000e+00,1.0000000000000000e+00,3388759.0000,376528.7778
"SALISBURY",1.2300000000000000e+02,1.2200000000000000e+02,"Litchfield",6.0000000000000000e+00,6.0000000000000000e+00,0.0000000000000000e+00,0.0000000000000000e+00,0.0000000000000000e+00,3.0000000000000000e+00,3566000.0000,594333.3333
"SCOTLAND",1.2400000000000000e+02,1.2300000000000000e+02,"Windham",0.0000000000000000e+00,0.0000000000000000e+00,0.0000000000000000e+00,0.0000000000000000e+00,0.0000000000000000e+00,6.0000000000000000e+00,0.0000,0.0000
"SEYMOUR",1.2500000000000000e+02,1.2400000000000000e+02,"New Haven",7.8000000000000000e+01,6.0000000000000000e+00,0.0000000000000000e+00,0.0000000000000000e+00,7.2000000000000000e+01,0.0000000000000000e+00,5832300.0000,74773.0769
"SHARON",1.2600000000000000e+02,1.2500000000000000e+02,"Litchfield",7.0000000000000000e+00,7.0000000000000000e+00,0.0000000000000000e+00,0.0000000000000000e+00,0.0000000000000000e+00,5.0000000000000000e+00,4230000.0000,604285.7143
"SHELTON",1.2700000000000000e+02,1.2600000000000000e+02,"Fairfield",1.9100000000000000e+02,3.9000000000000000e+01,0.0000000000000000e+00,0.0000000000000000e+00,1.5200000000000000e+02,3.0000000000000000e+00,19133615.0000,100175.9948
"SHERMAN",1.2800000000000000e+02,1.2700000000000000e+02,"Fairfield",5.0000000000000000e+00,5.0000000000000000e+00,0.0000000000000000e+00,0.0000000000000000e+00,0.0000000000000000e+00,1.0000000000000000e+00,2070450.0000,414090.0000
"SIMSBURY",1.2900000000000000e+02,1.2800000000000000e+02,"Hartford",9.3000000000000000e+01,1.5000000000000000e+01,2.0000000000000000e+00,0.0000000000000000e+00,7.6000000000000000e+01,1.0000000000000000e+00,11730250.0000,126131.7204
"SOMERS",1.3000000000000000e+02,1.2900000000000000e+02,"Tolland",1.5000000000000000e+01,1.5000000000000000e+01,0.0000000000000000e+00,0.0000000000000000e+00,0.0000000000000000e+00,0.0000000000000000e+00,3449640.0000,229976.0000
"SOUTH WINDSOR",1.3100000000000000e+02,1.3200000000000000e+02,"Hartford",4.3000000000000000e+01,4.3000000000000000e+01,0.0000000000000000e+00,0.0000000000000000e+00,0.0000000000000000e+00,2.0000000000000000e+00,6183500.0000,143802.3256
"SOUTHBURY",1.3200000000000000e+02,1.3000000000000000e+02,"New Haven",1.6000000000000000e+01,1.6000000000000000e+01,0.0000000000000000e+00,0.0000000000000000e+00,0.0000000000000000e+00,1.6000000000000000e+01,2399667.0000,149979.1875
"SOUTHINGTON",1.3300000000000000e+02,1.3100000000000000e+02,"Hartford",6.8000000000000000e+01,6.6000000000000000e+01,2.0000000000000000e+00,0.0000000000000000e+00,0.0000000000000000e+00,0.0000000000000000e+00,6008159.0000,88355.2794
"SPRAGUE",1.3400000000000000e+02,1.3300000000000000e+02,"New London",0.0000000000000000e+00,0.0000000000000000e+00,0.0000000000000000e+00,0.0000000000000000e+00,0.0000000000000000e+00,0.0000000000000000e+00,0.0000,0.0000
"STAFFORD",1.3500000000000000e+02,1.3400000000000000e+02,"Tolland",2.0000000000000000e+00,2.0000000000000000e+00,0.0000000000000000e+00,0.0000000000000000e+00,0.0000000000000000e+00,3.0000000000000000e+00,320000.0000,160000.0000
"STAMFORD",1.3600000000000000e+02,1.3500000000000000e+02,"Fairfield",6.3900000000000000e+02,3.6000000000000000e+01,4.0000000000000000e+00,0.0000000000000000e+00,5.9900000000000000e+02,0.0000000000000000e+00,117584012.0000,184012.5383
"STERLING",1.3700000000000000e+02,1.3600000000000000e+02,"Windham",4.0000000000000000e+00,4.0000000000000000e+00,0.0000000000000000e+00,0.0000000000000000e+00,0.0000000000000000e+00,0.0000000000000000e+00,440000.0000,110000.0000
"STONINGTON",1.3800000000000000e+02,1.3700000000000000e+02,"New London",2.3600000000000000e+02,1.4000000000000000e+01,0.0000000000000000e+00,0.0000000000000000e+00,2.2200000000000000e+02,2.5000000000000000e+01,51481670.0000,218142.6695
"STRATFORD",1.3900000000000000e+02,1.3800000000000000e+02,"Fairfield",3.7000000000000000e+01,2.7000000000000000e+01,0.0000000000000000e+00,0.0000000000000000e+00,1.0000000000000000e+01,8.0000000000000000e+00,8147293.0000,220197.1081
"SUFFIELD",1.4000000000000000e+02,1.3900000000000000e+02,"Hartford",3.3000000000000000e+01,3.3000000000000000e+01,0.0000000000000000e+00,0.0000000000000000e+00,0.0000000000000000e+00,6.0000000000000000e+00,11187200.0000,339006.0606
"THOMASTON",1.4100000000000000e+02,1.4000000000000000e+02,"Litchfield",1.1000000000000000e+01,0.0000000000000000e+00,6.0000000000000000e+00,0.0000000000000000e+00,5.0000000000000000e+00,1.0000000000000000e+00,1700000.0000,154545.4545
"THOMPSON",1.4200000000000000e+02,1.4100000000000000e+02,"Windham",1.3000000000000000e+01,1.3000000000000000e+01,0.0000000000000000e+00,0.0000000000000000e+00,0.0000000000000000e+00,2.0000000000000000e+00,2135960.0000,164304.6154
"TOLLAND",1.4300000000000000e+02,1.4200000000000000e+02,"Tolland",7.0000000000000000e+00,7.0000000000000000e+00,0.0000000000000000e+00,0.0000000000000000e+00,0.0000000000000000e+00,1.0000000000000000e+00,1613690.0000,230527.1429
"TORRINGTON",1.4400000000000000e+02,1.4300000000000000e+02,"Litchfield",4.0000000000000000e+00,4.0000000000000000e+00,0.0000000000000000e+00,0.0000000000000000e+00,0.0000000000000000e+00,4.0000000000000000e+00,622750.0000,155687.5000
"TRUMBULL",1.4500000000000000e+02,1.4400000000000000e+02,"Fairfield",8.0000000000000000e+00,8.0000000000000000e+00,0.0000000000000000e+00,0.0000000000000000e+00,0.0000000000000000e+00,3.0000000000000000e+00,1744362.0000,218045.2500
"UNION",1.4600000000000000e+02,1.4500000000000000e+02,"Tolland",1.0000000000000000e+00,1.0000000000000000e+00,0.0000000000000000e+00,0.0000000000000000e+00,0.0000000000000000e+00,0.0000000000000000e+00,118000.0000,118000.0000
"VERNON",1.4700000000000000e+02,1.4600000000000000e+02,"Tolland",1.7500000000000000e+02,1.6000000000000000e+01,0.0000000000000000e+00,0.0000000000000000e+00,1.5900000000000000e+02,7.0000000000000000e+00,23068590.0000,131820.5143
"VOLUNTOWN",1.4800000000000000e+02,1.4700000000000000e+02,"New London",5.0000000000000000e+00,5.0000000000000000e+00,0.0000000000000000e+00,0.0000000000000000e+00,0.0000000000000000e+00,1.0000000000000000e+00,702756.0000,140551.2000
"WALLINGFORD",1.4900000000000000e+02,1.4800000000000000e+02,"New Haven",2.1000000000000000e+01,2.1000000000000000e+01,0.0000000000000000e+00,0.0000000000000000e+00,0.0000000000000000e+00,0.0000000000000000e+00,3804192.0000,181152.0000
"WARREN",1.5000000000000000e+02,1.4900000000000000e+02,"Litchfield",1.0000000000000000e+00,1.0000000000000000e+00,0.0000000000000000e+00,0.0000000000000000e+00,0.0000000000000000e+00,3.0000000000000000e+00,300000.0000,300000.0000
"WASHINGTON",1.5100000000000000e+02,1.5000000000000000e+02,"Litchfield",6.0000000000000000e+00,6.0000000000000000e+00,0.0000000000000000e+00,0.0000000000000000e+00,0.0000000000000000e+00,3.0000000000000000e+00,2335674.0000,389279.0000
"WATERBURY",1.5200000000000000e+02,1.5100000000000000e+02,"New Haven",7.1000000000000000e+01,6.1000000000000000e+01,1.0000000000000000e+01,0.0000000000000000e+00,0.0000000000000000e+00,7.6000000000000000e+01,5564000.0000,78366.1972
"WATERFORD",1.5300000000000000e+02,1.5200000000000000e+02,"New London",8.0000000000000000e+00,8.0000000000000000e+00,0.0000000000000000e+00,0.0000000000000000e+00,0.0000000000000000e+00,3.0000000000000000e+00,1980795.0000,247599.3750
"WATERTOWN",1.5400000000000000e+02,1.5300000000000000e+02,"Litchfield",9.0000000000000000e+00,9.0000000000000000e+00,0.0000000000000000e+00,0.0000000000000000e+00,0.0000000000000000e+00,4.0000000000000000e+00,1892440.0000,210271.1111
"WEST HARTFORD",1.5500000000000000e+02,1.5500000000000000e+02,"Hartford",1.0400000000000000e+02,1.0000000000000000e+01,0.0000000000000000e+00,0.0000000000000000e+00,9.4000000000000000e+01,0.0000000000000000e+00,7288041.0000,70077.3173
"WEST HAVEN",1.5600000000000000e+02,1.5600000000000000e+02,"New Haven",2.2000000000000000e+01,1.8000000000000000e+01,4.0000000000000000e+00,0.0000000000000000e+00,0.0000000000000000e+00,0.0000000000000000e+00,1940000.0000,88181.8182
"WESTBROOK",1.5700000000000000e+02,1.5400000000000000e+02,"Middlesex",4.8000000000000000e+01,9.0000000000000000e+00,2.0000000000000000e+00,8.0000000000000000e+00,2.9000000000000000e+01,8.0000000000000000e+00,8555627.0000,178242.2292
"WESTON",1.5800000000000000e+02,1.5700000000000000e+02,"Fairfield",7.0000000000000000e+00,7.0000000000000000e+00,0.0000000000000000e+00,0.0000000000000000e+00,0.0000000000000000e+00,1.0000000000000000e+01,12000000.0000,1714285.7143
"WESTPORT",1.5900000000000000e+02,1.5800000000000000e+02,"Fairfield",9.1000000000000000e+01,7.9000000000000000e+01,4.0000000000000000e+00,8.0000000000000000e+00,0.0000000000000000e+00,1.0000000000000000e+02,68454000.0000,752241.7582
"WETHERSFIELD",1.6000000000000000e+02,1.5900000000000000e+02,"Hartford",0.0000000000000000e+00,0.0000000000000000e+00,0.0000000000000000e+00,0.0000000000000000e+00,0.0000000000000000e+00,0.0000000000000000e+00,0.0000,0.0000
"WILLINGTON",1.6100000000000000e+02,1.6000000000000000e+02,"Tolland",0.0000000000000000e+00,0.0000000000000000e+00,0.0000000000000000e+00,0.0000000000000000e+00,0.0000000000000000e+00,0.0000000000000000e+00,0.0000,0.0000
"WILTON",1.6200000000000000e+02,1.6100000000000000e+02,"Fairfield",9.0000000000000000e+00,9.0000000000000000e+00,0.0000000000000000e+00,0.0000000000000000e+00,0.0000000000000000e+00,1.0000000000000000e+01,7476200.0000,830688.8889
"WINCHESTER",1.6300000000000000e+02,1.6200000000000000e+02,"Litchfield",0.0000000000000000e+00,0.0000000000000000e+00,0.0000000000000000e+00,0.0000000000000000e+00,0.0000000000000000e+00,0.0000000000000000e+00,0.0000,0.0000
"WINDHAM",1.6400000000000000e+02,1.6300000000000000e+02,"Windham",9.0000000000000000e+00,9.0000000000000000e+00,0.0000000000000000e+00,0.0000000000000000e+00,0.0000000000000000e+00,4.0000000000000000e+00,1353000.0000,150333.3333
"WINDSOR",1.6500000000000000e+02,1.6400000000000000e+02,"Hartford",1.7000000000000000e+01,1.7000000000000000e+01,0.0000000000000000e+00,0.0000000000000000e+00,0.0000000000000000e+00,1.0000000000000000e+00,3319745.0000,195279.1176
"WINDSOR LOCKS",1.6600000000000000e+02,1.6500000000000000e+02,"Hartford",2.3000000000000000e+01,2.3000000000000000e+01,0.0000000000000000e+00,0.0000000000000000e+00,0.0000000000000000e+00,1.0000000000000000e+00,3268686.0000,142116.7826
"WOLCOTT",1.6700000000000000e+02,1.6600000000000000e+02,"New Haven",2.7000000000000000e+01,1.6000000000000000e+01,0.0000000000000000e+00,0.0000000000000000e+00,1.1000000000000000e+01,9.0000000000000000e+00,2222620.0000,82319.2593
"WOODBRIDGE",1.6800000000000000e+02,1.6700000000000000e+02,"New Haven",4.0000000000000000e+00,4.0000000000000000e+00,0.0000000000000000e+00,0.0000000000000000e+00,0.0000000000000000e+00,0.0000000000000000e+00,793190.0000,198297.5000
"WOODBURY",1.6900000000000000e+02,1.6800000000000000e+02,"Litchfield",6.0000000000000000e+00,6.0000000000000000e+00,0.0000000000000000e+00,0.0000000000000000e+00,0.0000000000000000e+00,0.0000000000000000e+00,2688295.0000,448049.1667
"WOODSTOCK",1.7000000000000000e+02,1.6900000000000000e+02,"Windham",1.0000000000000000e+01,1.0000000000000000e+01,0.0000000000000000e+00,0.0000000000000000e+00,0.0000000000000000e+00,1.0000000000000000e+00,1937623.0000,193762.3000
